title;	genus;	species;	name
She Bop;	"";	"";	she bop
Usini;	"";	"";	usini
The Castle of Cagliostro;	"";	"";	the castle of cagliostro
The Goonies;	"";	"";	the goonies
Warhammer 40,000;	"";	no;	''warhammer 40,000''
Kerri Green;	"";	"";	kerri green
Patsy Cline;	"";	"";	patsy cline
Tung Chee-hwa;	"";	"";	tung chee-hwa
Anne Ramsey;	"";	"";	anne ramsey
Steve Antin;	"";	"";	steve antin
Margaret Cho;	"";	"";	margaret cho
University of Calgary;	"";	"";	university of calgary
Jeff Cohen (actor);	"";	"";	jeff cohen
RuPaul;	"";	no}};	""
The World Almanac;	"";	"";	world almanac
Alan Paton;	"";	"";	alan paton
Loretta Swit;	"";	"";	loretta swit
Jamie Farr;	"";	"";	jamie farr
Gary Burghoff;	"";	"";	gary burghoff
William Christopher;	"";	"";	william christopher
Wayne Rogers;	"";	"";	wayne rogers}}
William Manuel Johnson;	"";	"";	bill johnson
The Lady Chablis;	"";	"";	the lady chablis
Akhenaten;	"";	"";	{{plainlist
Antikythera mechanism;	"";	"";	antikythera mechanism
Strasburg, Pennsylvania;	"";	"";	strasburg, pennsylvania
Margaret Macdonald Mackintosh;	"";	"";	margaret macdonald mackintosh
SKF;	"";	"";	ab skf
Andrew Fleming;	"";	"";	andrew fleming
Tarn-et-Garonne;	"";	"";	tarn-et-garonne
Ann Macbeth;	"";	"";	ann macbeth
Blue Note Records;	"";	"";	blue note records
Paul Morphy;	"";	"";	paul morphy
Robert Guéï;	"";	"";	robert guéï
Mitochondrial Eve;	"";	"";	l
Out of Africa (film);	"";	"";	out of africa
Angkor;	"";	"";	angkor
Papa Jack Laine;	"";	"";	papa jack laine
The 13th Warrior;	"";	"";	the 13th warrior
Ahmad ibn Fadlan;	"";	"";	ahmad ibn fadlan
Karl Koch (hacker);	"";	"";	karl koch
Janis Ian;	"";	"";	janis ian
École des ponts ParisTech;	"";	"";	école des ponts paristech
5th arrondissement of Paris;	"";	"";	5th arrondissement of paris
Louise Arbour;	"";	"";	louise arbour
IPod;	"";	"";	ipod
Alcalá de Henares;	"";	"";	alcalá de henares
Yvelines;	"";	"";	yvelines
Landes (department);	"";	"";	landes
Douai;	"";	"";	douai
Brian Lumley;	"";	"";	brian lumley
Saint Vitus;	"";	"";	vitus
Irish Traveller Movement;	"";	"";	irish traveller movement
Cystoscopy;	"";	"";	cystoscopy
Dunkirk;	"";	"";	dunkirk
Tunna;	"";	"";	tunna
Babina, Uttar Pradesh;	"";	"";	babina
The Road to Mars;	"";	"";	the road to mars
Mars trilogy;	"";	"";	red mars
Brachydactyly;	"";	"";	brachydactyly
Acouchi;	"";	"";	acouchis
W. E. B. Du Bois;	"";	no;	""
Taligent;	"";	"";	taligent inc.
Filippo Brunelleschi;	"";	"";	filippo brunelleschi
Fraziers Bottom, West Virginia;	"";	"";	fraziers bottom
Pliny, West Virginia;	"";	"";	pliny
Teays, West Virginia;	"";	"";	teays
Regeneration (novel);	"";	"";	regeneration
Flirting with Disaster (film);	"";	"";	flirting with disaster
Nefertiti;	"";	"";	<hiero>x1:n35:n5-m17\-f35-f35-f35-f35-.-f35-m18-x1:z4-b1</hiero>
Freedom Press;	"";	"";	freedom press
The Conquest of Bread;	"";	"";	the conquest of bread
Miķelis;	"";	"";	miķelis
Ben Stiller;	"";	"";	ben stiller
Mark Z. Danielewski;	"";	"";	mark z. danielewski
Ring Nebula;	"";	"";	ring nebula
House of Leaves;	"";	"";	house of leaves
The Whalestoe Letters;	"";	"";	the whalestoe letters
Angry Johnny;	"";	"";	angry johnny
Borders Group;	"";	"";	borders group, inc.
Hey Pretty;	"";	"";	hey pretty
She's So Unusual;	"";	"";	she's so unusual
Girls Just Want to Have Fun;	"";	"";	girls just want to have fun
True Colors (Cyndi Lauper album);	"";	"";	true colors
Corey Feldman;	"";	"";	corey feldman
Moshe Dayan;	"";	"";	moshe dayan
A Night to Remember (book);	"";	"";	a night to remember (titanic)
I Drove All Night;	"";	"";	i drove all night
My First Night Without You;	"";	"";	my first night without you
Vibes (film);	"";	"";	vibes
Hole in My Heart (All the Way to China);	"";	"";	hole in my heart (all the way to china)
The White Goddess;	"";	"";	the white goddess
Complutense University of Madrid;	"";	"";	complutense university of madrid
Mayahuel;	"";	"";	mayahuel
Xōchiquetzal;	"";	"";	xochiquetzal
Tezcatlipoca;	"";	"";	tezcatlipoca
Chalchiuhtlicue;	"";	"";	chalchiuhtlicue
The Golden Bough;	"";	"";	the golden bough
Xolotl;	"";	"";	xolotl
Cōātlīcue;	"";	"";	coatlicue
Coyolxāuhqui;	"";	"";	coyolxauhqui
Huītzilōpōchtli;	"";	"";	huitzilopochtli
Mictlāntēcutli;	"";	"";	mictlāntēcutli
Xōchipilli;	"";	"";	xochipilli
John Varley (author);	"";	"";	john varley
Lost Dogs;	"";	"";	lost dogs
The 77s;	"";	"";	the 77s
Michael Roe;	"";	"";	michael roe
John Candy;	"";	"";	john candy
Centeōtl;	"";	"";	centeōtl
Tlazōlteōtl;	"";	"";	tlazolteotl
The Swirling Eddies;	"";	"";	the swirling eddies
Tōnacātēcuhtli;	"";	"";	tonacatecuhtli
Noodle;	"";	"";	noodle
Terry Scott Taylor;	"";	"";	terry scott taylor
Mixcoatl;	"";	"";	mixcoatl
Gene Eugene;	"";	"";	gene eugene
Derri Daugherty;	"";	"";	derri daugherty
Xiuhtecuhtli;	"";	"";	xiuhtecuhtli
Iztaccihuatl;	"";	"";	iztaccíhuatl
Popocatépetl;	"";	"";	popocatépetl
Patecatl;	"";	"";	patecatl
Tlaltecuhtli;	"";	"";	tlaltecuhtli
Tōnacācihuātl;	"";	"";	tonacacihuatl
Xipe Totec;	"";	"";	xipe-totec
Swan River (Western Australia);	"";	"";	swan river
Don Francisco (television host);	"";	"";	don francisco
The Offspring;	"";	no;	the offspring
Big Joe Turner;	"";	"";	big joe turner
Champagne-Ardenne;	"";	"";	champagne-ardenne
Pyrénées-Atlantiques;	"";	"";	pyrénées-atlantiques
House of York;	"";	"";	duke}}
François-André Danican Philidor;	"";	"";	françois-andré danican philidor
Amazon (company);	"";	"";	amazon.com, inc.
Roskilde University;	"";	"";	roskilde university
Edwin Lutyens;	"";	"";	edwin lutyens
Pompei;	"";	"";	pompei
Rosalind Franklin;	"";	"";	rosalind franklin
Puy-de-Dôme;	"";	"";	puy-de-dôme
Moselle (department);	"";	"";	moselle
Manche;	"";	"";	manche
Isère;	"";	"";	isère
Labrador Peninsula;	"";	"";	labrador peninsula
Ardèche;	"";	"";	ardèche
Agassou;	"";	"";	agassou
Agwé;	"";	"";	agwé
Ariège (department);	"";	"";	ariège
Ayida-Weddo;	"";	"";	ayida-weddo
Cantal;	"";	"";	cantal
Corrèze;	"";	"";	corrèze
Damballa;	"";	"";	damballa
Corse-du-Sud;	"";	"";	corse-du-sud
Ayizan;	"";	"";	ayizan
Haute-Corse;	"";	"";	haute-corse
ICON (microcomputer);	"";	"";	icon
Côte-d'Or;	"";	"";	côte-d'or
Creuse;	"";	"";	creuse
Suppletion;	"";	"";	"\"bad-worse-worst-romance1\""
Trinity House;	"";	"";	trinity house
Eure;	"";	"";	eure
Eure-et-Loir;	"";	"";	eure-et-loir
Gard;	"";	"";	gard
Gers;	"";	"";	gers
Ille-et-Vilaine;	"";	"";	ille-et-vilaine
Indre;	"";	"";	indre
Jura (department);	"";	"";	jura
Haute-Loire;	"";	"";	haute-loire
Loire-Atlantique;	"";	"";	loire-atlantique
Haute-Garonne;	"";	"";	haute-garonne
Loiret;	"";	"";	loiret
Lot-et-Garonne;	"";	"";	lot-et-garonne
Meurthe-et-Moselle;	"";	"";	meurthe-et-moselle
Mayenne;	"";	"";	mayenne
Morbihan;	"";	"";	morbihan
Nièvre;	"";	"";	nièvre
Oise;	"";	"";	oise
Los Gatos, California;	"";	"";	los gatos, california
Baron Samedi;	"";	"";	baron samedi
Country rock;	"";	"";	country rock
Baron Cimetière;	"";	"";	baron cimetière
Baron La Croix;	"";	"";	baron la croix
Orne;	"";	"";	orne
Bas-Rhin;	"";	"";	bas-rhin
Haut-Rhin;	"";	"";	haut-rhin
Haute-Saône;	"";	"";	haute-saône
Saône-et-Loire;	"";	"";	saône-et-loire
Gede (Haitian Vodou);	"";	"";	gede
Sarthe;	"";	"";	sarthe
Haute-Savoie;	"";	"";	haute-savoie
Seine-et-Marne;	"";	"";	seine-et-marne
Deux-Sèvres;	"";	"";	deux-sèvres
Haute-Vienne;	"";	"";	haute-vienne
Vosges (department);	"";	"";	vosges
Yonne;	"";	"";	yonne
Essonne;	"";	"";	essonne
Seine-Saint-Denis;	"";	"";	{{lang
Val-de-Marne;	"";	"";	val-de-marne
Val-d'Oise;	"";	"";	val-d'oise
Papa Legba;	"";	"";	papa legba
Matsuo Bashō;	"";	"";	matsuo bashō
Maman Brigitte;	"";	"";	maman brigitte
Bananarama;	"";	"";	bananarama
Robert M. Gagné;	"";	"";	robert mills gagné
Husum;	"";	"";	husum
Alberto Mercado;	"";	"";	alberto mercado
Throat;	"";	"";	throat
Thora Hird;	"";	"";	thora hird
Côtes-d'Armor;	"";	"";	côtes-d'armor
Telidon;	"";	"";	telidon
William James;	"";	no;	william james
Inside Monkey Zetterland;	"";	"";	inside monkey zetterland
Debi Mazar;	"";	"";	debi mazar
Buzzkill (TV series);	"";	"";	buzzkill}}
Herrenhausen-Stöcken;	"";	"";	herrenhausen-stöcken
Emmanuel Levinas;	"";	"";	emmanuel levinas
Ferguson Jenkins;	"";	"";	ferguson jenkins
Errico Malatesta;	"";	"";	errico malatesta
Goethite;	"";	"";	goethite
Colin Ward;	"";	"";	colin ward
Albani Brewery;	"";	"";	albani bryggerierne a/s
My Disillusionment in Russia;	"";	"";	my disillusionment in russia
Erzulie;	"";	"";	erzulie freda
Ogun;	"";	"";	ògún<br /><small>ògún lákáayé</small>
Horsing Around with History;	"";	"";	horsing around with history
Noel Van Horn;	"";	"";	noel van horn
Kalfu;	"";	"";	kalfu
Eagles (band);	"";	"";	eagles
Marassa Jumeaux;	"";	"";	marassa jumeaux
Marinette (loa);	"";	"";	marinette (vodou)
Pie;	"";	"";	pie
Simbi;	"";	"";	simbi
Manco Cápac;	"";	"";	manqu qhapaq
Mama Ocllo;	"";	"";	mama ocllo
Pachacamac;	"";	"";	pachacámac
Ithobaal I;	"";	"";	ithobaal i (’ittoba‘l, ethbaal)
Waterhouse–Friderichsen syndrome;	"";	"";	waterhouse–friderichsen syndrome
Geodesic dome;	"";	no;	""
Door County, Wisconsin;	"";	"";	brussels hill}}, elevation {{convert
Sergei Bodrov Jr.;	"";	"";	sergei bodrov jr.<br/>сергей бодров (младший)
Tucker County, West Virginia;	"";	"";	tucker county
Randolph County, West Virginia;	"";	"";	randolph county
George Gobel;	"";	"";	george gobel
Preston County, West Virginia;	"";	"";	preston county
Boeing 727;	"";	"";	boeing 727
Grant County, West Virginia;	"";	"";	grant county
Taiwan Strait;	"";	"";	taiwan strait
Guy Ritchie;	"";	"";	guy ritchie
Geodesic;	"";	"";	pseudo}} path ([[arc (geometry)
Julie Miller;	"";	"";	julie miller
Buddy Miller;	"";	"";	buddy miller
Phil Madeira;	"";	"";	phil madeira
Mark Heard;	"";	"";	mark heard
Sam Phillips;	"";	"";	sam phillips
Phil Keaggy;	"";	"";	phil keaggy
Bruce Cockburn;	"";	"";	bruce cockburn
The Choir (alternative rock band);	"";	"";	the choir
Fermat number;	"";	"";	fermat prime
Randy Stonehill;	"";	"";	randy stonehill
Tonio K;	"";	"";	tonio k
The Karate Kid;	"";	"";	the karate kid
Christina Nilsson;	"";	"";	christine nilson
Cryogenic (band);	"";	"";	cryogenic
Everton F.C.;	"";	"";	[[jordan pickford]]}}
Louis François Antoine Arbogast;	"";	"";	louis françois antoine arbogast
Mars (band);	"";	"";	mars
Andrey Kolmogorov;	"";	"";	andrey kolmogorov
Treaty of Amiens;	"";	"";	treaty of amiens
Axial tilt;	"";	"";	clouds
Swans (band);	"";	"";	swans
Valles Marineris;	"";	"";	valles marineris
Tsing Ma Bridge;	"";	"";	tsing ma bridge
Dithmarschen;	"";	"";	dithmarschen
Wimbledon Championships;	"";	"";	wimbledon championships
Ryder Cup;	"";	"";	ryder cup
Industrial music;	"";	"";	industrial
King County, Washington;	"";	"";	washington center of population, 2010
AberMUD;	"";	"";	abermud
Kennewick, Washington;	"";	"";	kennewick, washington
Chinese characters;	"";	"";	chinese characters
Winchester, Virginia;	"";	"";	winchester, virginia
Williamsburg, Virginia;	"";	"";	williamsburg
Underworld (band);	"";	"";	underworld
Virginia Beach, Virginia;	"";	"";	virginia beach
Salem, Virginia;	"";	"";	salem
Radford, Virginia;	"";	"";	glencoe
Prince William County, Virginia;	"";	"";	prince william county
Portsmouth, Virginia;	"";	"";	portsmouth
Petersburg, Virginia;	"";	"";	petersburg old town historic district
Norton, Virginia;	"";	"";	}}
Newport News, Virginia;	"";	"";	newport news
Manassas Park, Virginia;	"";	"";	manassas park, virginia
Manassas, Virginia;	"";	"";	manassas, virginia
Lynchburg, Virginia;	"";	"";	lynchburg, virginia
Loudoun County, Virginia;	"";	"";	history and comprehensive description of loudoun county, virginia, by james w. head, 1908}}
Harrisonburg, Virginia;	"";	"";	harrisonburg, virginia
Hampton, Virginia;	"";	"";	hampton, virginia
Galax, Virginia;	"";	"";	big picture: pictorial report number 26}}
Fredericksburg, Virginia;	"";	"";	fredericksburg, virginia
Falls Church, Virginia;	"";	"";	falls church, virginia
Fairfax, Virginia;	"";	"";	fairfax, virginia
Emporia, Virginia;	"";	"";	}}
Danville, Virginia;	"";	"";	danville, virginia
Covington, Virginia;	"";	"";	covington, virginia
Chesapeake, Virginia;	"";	"";	chesapeake, virginia
Charlottesville, Virginia;	"";	"";	charlottesville
Charles Aznavour;	"";	"";	charles aznavour
Bristol, Virginia;	"";	"";	bristol, virginia
Pillar (band);	"";	"";	pillar
Zavala County, Texas;	"";	"";	zavala county}}
Bartel Leendert van der Waerden;	"";	"";	bartel leendert van der waerden
Zapata County, Texas;	"";	"";	zapata county}}
Young County, Texas;	"";	"";	brazos indian reservation
Yoakum County, Texas;	"";	"";	yoakum county}}
Wood County, Texas;	"";	"";	wood county
Winkler County, Texas;	"";	"";	winkler county}}
Wilson County, Texas;	"";	"";	pedro de rivera y villalón
Williamson County, Texas;	"";	"";	williamson county}}
Willacy County, Texas;	"";	"";	willacy county }}.
Wilbarger County, Texas;	"";	"";	wilbarger county}}
Wichita County, Texas;	"";	"";	wichita county}}
Wheeler County, Texas;	"";	"";	wheeler county}}
Wharton County, Texas;	"";	"";	wharton county}}
Webb County, Texas;	"";	"";	webb county
Washington County, Texas;	"";	"";	washington county}}
Ward County, Texas;	"";	"";	ward county}}
Waller County, Texas;	"";	"";	waller county}}
Walker County, Texas;	"";	"";	walker county}}
Victoria County, Texas;	"";	"";	victoria county}}
Van Zandt County, Texas;	"";	"";	van zandt county}}
Val Verde County, Texas;	"";	"";	val verde county}}
Uvalde County, Texas;	"";	"";	uvalde county
Existential quantification;	"";	"";	existential quantification
Upton County, Texas;	"";	"";	upton county}}
Upshur County, Texas;	"";	"";	upshur county}}
Tyler County, Texas;	"";	"";	tyler county}}
Trinity County, Texas;	"";	"";	trinity county}}
Travis County, Texas;	"";	"";	travis county}}
Titus County, Texas;	"";	"";	titus county}}
Throckmorton County, Texas;	"";	"";	throckmorton county}}
Terry County, Texas;	"";	"";	terry county}}
Terrell County, Texas;	"";	"";	dryden}}
Taylor County, Texas;	"";	"";	taylor county}}
Sutton County, Texas;	"";	"";	sutton county}}
Stonewall County, Texas;	"";	"";	stonewall county}}
Sterling County, Texas;	"";	"";	sterling county}}
Stephens County, Texas;	"";	"";	stephens county}}
Somervell County, Texas;	"";	"";	brazos indian reservation
Quentin Crisp;	"";	"";	quentin crisp
Shackelford County, Texas;	"";	"";	shackelford county}}
Scurry County, Texas;	"";	"";	scurry county}}
Schleicher County, Texas;	"";	"";	schleicher county}}
San Saba County, Texas;	"";	"";	san saba}}
San Patricio County, Texas;	"";	"";	san patricio county}}</ref>
San Jacinto County, Texas;	"";	"";	san jacinto county}}
San Augustine County, Texas;	"";	"";	san augustine county}}
Sabine County, Texas;	"";	"";	sabine county}}
Rusk County, Texas;	"";	"";	rusk county}}
Rockwall County, Texas;	"";	"";	rockwall county}}
Robertson County, Texas;	"";	"";	robertson county}}
Roberts County, Texas;	"";	"";	roberts county}}
Refugio County, Texas;	"";	"";	refugio county}}
Reeves County, Texas;	"";	"";	antonio de espejo
Red River County, Texas;	"";	"";	red river county}}
Reagan County, Texas;	"";	"";	reagan county}}
Rains County, Texas;	"";	"";	rains county}}
Presidio County, Texas;	"";	"";	candelaria}}
Potter County, Texas;	"";	"";	potter county}}
Polk County, Texas;	"";	"";	polk county}}
Pecos County, Texas;	"";	"";	pecos county, texas}}. by glenn justice and john leffler. retrieved on 14 december 2010.</ref> it is named for the [[pecos river]]. it is one of the nine counties that comprise the [[trans-pecos]] region of [[west texas]].
Parmer County, Texas;	"";	"";	parmer county}}
Panola County, Texas;	"";	"";	panola county}}
Palo Pinto County, Texas;	"";	"";	brazos indian reservation
Nolan County, Texas;	"";	"";	nolan county}}
Newton County, Texas;	"";	"";	newton county}}
Nacogdoches County, Texas;	"";	"";	nacogdoches county}}
Motley County, Texas;	"";	"";	motley county}}
Morris County, Texas;	"";	"";	morris county}}
Mitchell County, Texas;	"";	"";	mitchell county}}
Mills County, Texas;	"";	"";	<!-- add a name to the weather box in template namespace to show vte editing options. -->
Milam County, Texas;	"";	"";	milam county}}
Midland County, Texas;	"";	"";	midland county}}
Menard County, Texas;	"";	"";	menard county}}
McMullen County, Texas;	"";	"";	mcmullen county}}
McCulloch County, Texas;	"";	"";	mcculloch county}}
Maverick County, Texas;	"";	"";	maverick county}}
Matagorda County, Texas;	"";	"";	matagorda county}}
Mason County, Texas;	"";	"";	mason county}}
Martin County, Texas;	"";	"";	martin county}}
Marion County, Texas;	"";	"";	marion county}}
Madison County, Texas;	"";	"";	madison county}}. by ann e. hodges. retrieved 5 february 2007.</ref>
Lynn County, Texas;	"";	"";	lynn county}}
Lubbock County, Texas;	"";	"";	lubbock county}}
Loving County, Texas;	"";	"";	loving county}} contains valuable information on early history of loving county.
Llano County, Texas;	"";	"";	llano county}}
Live Oak County, Texas;	"";	"";	live oak county}}
Lipscomb County, Texas;	"";	"";	lipscomb county}}
Limestone County, Texas;	"";	"";	tawakoni indians
Liberty County, Texas;	"";	"";	liberty county toll road authority
Lee County, Texas;	"";	"";	lee county}}
Lavaca County, Texas;	"";	"";	lavaca county}}
Lampasas County, Texas;	"";	"";	lampasas county}}
Lamb County, Texas;	"";	"";	lamb county}}
La Salle County, Texas;	"";	"";	la salle county}}
Knox County, Texas;	"";	"";	knox county}}
Kleberg County, Texas;	"";	"";	kleberg county}}
Kinney County, Texas;	"";	"";	kinney county}}
King County, Texas;	"";	"";	king county}}
Kimble County, Texas;	"";	"";	kimble county}}
Kerr County, Texas;	"";	"";	kerr county}}
Kent County, Texas;	"";	"";	kent county}}
Kendall County, Texas;	"";	"";	kendall county}}
Karnes County, Texas;	"";	"";	karnes county}}
Jones County, Texas;	"";	"";	jones county}}
Jim Hogg County, Texas;	"";	"";	jim hogg county}}
Jeff Davis County, Texas;	"";	"";	fort davis}}
Jasper County, Texas;	"";	"";	jasper county}}
Jackson County, Texas;	"";	"";	jackson county}}
Jack County, Texas;	"";	"";	jack county}}
Irion County, Texas;	"";	"";	irion county}}
Hutchinson County, Texas;	"";	"";	hutchinson county}}
Hunt County, Texas;	"";	no;	""
Hudspeth County, Texas;	"";	"";	rodriguez-sanchez expedition
Howard County, Texas;	"";	"";	howard county}}
Houston County, Texas;	"";	"";	houston county}}
Hopkins County, Texas;	"";	"";	hopkins county}}
Hood County, Texas;	"";	"";	hood county}}
Hockley County, Texas;	"";	"";	hockley county}}
Hill County, Texas;	"";	"";	hill county}}
Ziusudra;	"";	"";	ziusudra<br />{{cuneiform
Hemphill County, Texas;	"";	"";	hemphill county}}
Hays County, Texas;	"";	"";	hays county}}
Haskell County, Texas;	"";	"";	haskell county}}
Hartley County, Texas;	"";	"";	hartley county}}
Harrison County, Texas;	"";	"";	harrison county}}
Hardeman County, Texas;	"";	"";	hardeman county}}
Hansford County, Texas;	"";	"";	hansford county}}
Hamilton County, Texas;	"";	"";	hamilton county}}
Hall County, Texas;	"";	"";	hall county}}
Hale County, Texas;	"";	"";	hale county}}
Guadalupe County, Texas;	"";	"";	guadalupe county}}
Grimes County, Texas;	"";	"";	grimes county}}</ref>
Gray County, Texas;	"";	"";	gray county}}
Gonzales County, Texas;	"";	"";	gonzales county}}
Glasscock County, Texas;	"";	"";	glasscock county}}
Garza County, Texas;	"";	"";	garza county}}
Galveston County, Texas;	"";	"";	galveston county, texas}}
Gaines County, Texas;	"";	"";	gaines county}}
Frio County, Texas;	"";	"";	frio county}}
Freestone County, Texas;	"";	"";	tawakoni indians
Franklin County, Texas;	"";	"";	franklin county}}
Fort Bend County, Texas;	"";	"";	fort bend county, texas}}
Foard County, Texas;	"";	"";	foard county}}
Floyd County, Texas;	"";	"";	floyd county}}
Fisher County, Texas;	"";	"";	fisher county}}
Fayette County, Texas;	"";	"";	fayette county, texas}}
Fannin County, Texas;	"";	"";	fannin county}}
Falls County, Texas;	"";	"";	tawakoni indians
Ellis County, Texas;	"";	"";	ellis county}}
Eastland County, Texas;	"";	"";	eastland county}}
Duval County, Texas;	"";	"";	duval county}}
Sark;	"";	"";	sark
DeWitt County, Texas;	"";	"";	rené robert cavelier, sieur de la salle
Dallas County, Texas;	"";	"";	"\"trinity mills, tx\"}}. by matthew hayes nall. retrieved on 31 march 2007.</ref>"
Culberson County, Texas;	"";	"";	de espejo, antonio
Crosby County, Texas;	"";	"";	crosby county, texas}}
Crane County, Texas;	"";	"";	crane county}}
Cooke County, Texas;	"";	"";	cooke county}}
Comanche County, Texas;	"";	"";	comanche county}}
Comal County, Texas;	"";	"";	comal county}}
Cherokee County, Texas;	"";	"";	caddoan mounds state historic site
Cass County, Texas;	"";	"";	cass county}}
Pinckney, Michigan;	"";	"";	pinckney, michigan
Burnet County, Texas;	"";	"";	burnet county}}
Brewster County, Texas;	"";	"";	alpine}}
Brazos County, Texas;	"";	"";	brazos county, texas}}
Bowie County, Texas;	"";	"";	le poste des cadodaquious
Bosque County, Texas;	"";	"";	bosque county, texas}}
Flag of Nepal;	"";	"";	federal democratic republic of nepal
Borden County, Texas;	"";	"";	borden county}}
Blanco County, Texas;	"";	"";	blanco county}}
Bexar County, Texas;	"";	"";	bexar county}}
Bell County, Texas;	"";	"";	bell county, texas}}
Bee County, Texas;	"";	"";	bee county, texas}}
Baylor County, Texas;	"";	"";	baylor county}}
Bastrop County, Texas;	"";	"";	bastrop county}}
Bandera County, Texas;	"";	"";	bandera county, texas}}
Bailey County, Texas;	"";	"";	bailey county, texas}}
Austin County, Texas;	"";	"";	}}
Atascosa County, Texas;	"";	"";	}}
Armstrong County, Texas;	"";	"";	}}
Archer County, Texas;	"";	"";	}}
Aransas County, Texas;	"";	"";	aransas county}}
Angelina County, Texas;	"";	"";	angelina county}}
Andrews County, Texas;	"";	"";	andrews county}}
Anderson County, Texas;	"";	"";	tawakoni indians
Fentress County, Tennessee;	"";	"";	fentress county
Jacques Brel;	"";	"";	jacques brel
Brecon Beacons;	"";	"";	brecon beacons national park<br/>bannau brycheiniog national park<br />{{native name
Ray Mancini;	"";	"";	ray mancini
Bennett County, South Dakota;	"";	"";	pole of inaccessibility north america}}.<ref>{{cite journal
Bonnie Bassler;	"";	"";	bonnie bassler
Saint-Rémy-de-Provence;	"";	"";	saint-rémy-de-provence
Richland County, South Carolina;	"";	"";	providence
Karen Hesse;	"";	"";	karen hesse
Hugh Paddick;	"";	"";	hugh paddick
Stephen Krashen;	"";	"";	stephen krashen
Luzerne County, Pennsylvania;	"";	"";	luzerne county
Westland Whirlwind (fighter);	"";	"";	whirlwind
Willow;	"";	"";	willow
Lane County, Oregon;	"";	"";	official lane county website}}
Interstate 43;	"";	"";	alternate interstate 43
Tracy D. Terrell;	"";	"";	tracy d. terrell
Persepolis;	"";	"";	persepolis
United States antitrust law;	"";	"";	economistsconsensus
Price fixing;	"";	"";	state oil co. v. khan
Curry County, Oregon;	"";	"";	westernmost cape blanco}}.
Clatsop County, Oregon;	"";	"";	saddle mountain, oregon}}</ref>
Pushmataha County, Oklahoma;	"";	"";	swing low, sweet chariot
Comanche County, Oklahoma;	"";	"";	kelly willis (i)}}. retrieved may 30, 2010.</ref> and [[leon russell]],<ref>{{cite web
Ornithine;	"";	"";	{{sm
Oud;	"";	"";	oud
Ann Radcliffe;	"";	"";	ann radcliffe
Northrop Frye;	"";	"";	northrop frye
Art Clokey;	"";	"";	art clokey
Adlai Stevenson I;	"";	"";	adlai stevenson i
Charles W. Fairbanks;	"";	"";	charles w. fairbanks
Maybelline;	"";	"";	maybelline new york
James S. Sherman;	"";	"";	james s. sherman
Len Sassaman;	"";	"";	len sassaman
Charles G. Dawes;	"";	"";	charles g. dawes
Charles Curtis;	"";	"";	charles curtis
Tsar Bomba;	"";	"";	tsar bomba
John Nance Garner;	"";	"";	john nance garner
Francisco de Orellana;	"";	"";	francisco de orellana
Henry A. Wallace;	"";	"";	henry a. wallace
Alben W. Barkley;	"";	"";	alben w. barkley
Arsinoe III of Egypt;	"";	"";	arsinoe iii thea philopator
Ptolemy VI Philometor;	"";	"";	ptolemy vi philometor
Cleopatra II;	"";	"";	cleopatra ii
Ptolemy VII Neos Philopator;	"";	"";	ptolemy vii neos philopator
Seleucus III Ceraunus;	"";	"";	seleucus iii ceraunus
Antiochus VI Dionysus;	"";	"";	antiochus vi dionysus
Diodotus Tryphon;	"";	"";	diodotus tryphon
Gladstone Publishing;	"";	"";	gladstone publishing
Hilary Swank;	"";	"";	hilary swank
Władysław I Łokietek;	"";	"";	władysław i łokietek<br>ladislaus the short
Nils Gabriel Sefström;	"";	"";	nils gabriel sefström
Restoree;	"";	"";	restoree
Paul McGann;	"";	"";	paul mcgann
Tczew;	"";	"";	tczew
Pomeranian Voivodeship;	"";	"";	pomeranian voivodeship
Hattie McDaniel;	"";	"";	hattie mcdaniel
Ralph Bakshi;	"";	"";	ralph bakshi
Island Records;	"";	"";	{{color
Cushing's syndrome;	"";	"";	cushing's syndrome
Autechre;	"";	"";	autechre
Eta Carinae;	"";	"";	eta carinae
Lucifer (Marvel Comics);	"";	[[list of marvel comics alien races#quist;	""
Wheaton, Maryland;	"";	"";	wheaton, maryland
Streptococcus pyogenes;	streptococcus;	pyogenes;	""
Scarlet fever;	"";	"";	scarlet fever
Streptococcal pharyngitis;	"";	"";	streptococcal pharyngitis
Impetigo;	"";	"";	impetigo
George C. Day;	"";	"";	george calvin day
Springfield, Massachusetts;	"";	"";	springfield, massachusetts
Ford Foundation;	"";	"";	ford foundation
LiveJournal;	"";	"";	livejournal
Pasadena, California;	"";	"";	pasadena, california
Shigellosis;	"";	"";	shigellosis
Fresno, California;	"";	"";	fresno
Gustaf Dalén;	"";	"";	gustaf dalén
Interstate 66;	"";	"";	e street expressway
Caen;	"";	"";	caen
Schleswig-Flensburg;	"";	"";	schleswig-flensburg
Doc Watson;	"";	"";	doc watson
B*Witched;	"";	"";	b*witched
Jimmy Rogers;	"";	"";	jimmy rogers
Pitchshifter;	"";	"";	pitchshifter
The King in Yellow;	"";	"";	the king in yellow
Shinkansen;	"";	"";	y
William Henry Smyth;	"";	"";	william henry smyth
County Clare;	"";	"";	county clare
River Shannon;	"";	"";	river shannon
Mohammed Deif;	"";	"";	mohammed deif
Three Coins in the Fountain (film);	"";	"";	three coins in the fountain
Love Is a Many-Splendored Thing (film);	"";	"";	love is a many-splendored thing
Camazotz;	"";	"";	camazotz
Omar Khayyam;	"";	"";	persianname
Mister Roberts (novel);	"";	"";	mister roberts
Picnic (1955 film);	"";	"";	picnic
The Rose Tattoo;	"";	"";	the rose tattoo
IBM 1620;	"";	"";	ibm 1620
IBM 1401;	"";	"";	ibm 1401
Friendly Persuasion (1956 film);	"";	"";	friendly persuasion
Giant (1956 film);	"";	"";	giant
Bakerloo line;	"";	"";	bakerloo line
Circle line (London Underground);	"";	"";	circle line
Sayonara;	"";	"";	sayonara
District line;	"";	"";	district line
East London line;	"";	"";	east london line
Hammersmith & City line;	"";	"";	hammersmith & city line
Jubilee line;	"";	"";	jubilee line
Northern line;	"";	"";	northern line
Victoria line;	"";	"";	victoria line
Piccadilly line;	"";	"";	piccadilly line
12 Angry Men (1957 film);	"";	"";	12 angry men
Witness for the Prosecution (1957 film);	"";	"";	witness for the prosecution
Waterloo tube station;	"";	"";	waterloo
Auntie Mame;	"";	"";	auntie mame
County Kerry;	"";	"";	county kerry
Cat on a Hot Tin Roof;	"";	"";	cat on a hot tin roof
Charles Piazzi Smyth;	"";	"";	charles piazzi smyth
Kilkenny;	"";	"";	kilkenny
County Galway;	"";	"";	county galway
County Roscommon;	"";	"";	county roscommon
Roscommon;	"";	"";	roscommon
Galway;	"";	"";	galway
The Defiant Ones;	"";	"";	the defiant ones
Portlaoise;	"";	"";	portlaoise
Same-sex marriage;	"";	"";	australia
Waterford;	"";	"";	waterford
Anatomy of a Murder;	"";	"";	anatomy of a murder
Room at the Top (1959 film);	"";	"";	room at the top
Nausicaä of the Valley of the Wind (film);	"";	"";	nausicaä of the valley of the wind
Ciudad Juárez;	"";	"";	ciudad juárez
Common cold;	"";	"";	common cold
Elmer Gantry;	"";	"";	elmer gantry
Sons and Lovers;	"";	"";	sons and lovers
The Sundowners (1960 film);	"";	"";	the sundowners
Heaven's Gate (film);	"";	"";	heaven's gate
Fanny (name);	"";	"";	fanny
Judgment at Nuremberg;	"";	"";	judgment at nuremberg
Lewes, Delaware;	"";	"";	""
Albert A. Michelson;	"";	"";	albert a. michelson
Tenerife airport disaster;	"";	"";	tenerife airport disaster<br />{{nobold
Omotic languages;	"";	"";	omotic
Baritone horn;	"";	"";	baritone horn
Sedna (mythology);	"";	"";	sedna
File:Omar khayyam tape cover.JPG;	"";	"";	""
Violin Concerto (Adams);	"";	"";	violin concerto
Kennewick Man;	"";	''[[homo sapiens]]'';	""
Rafael José;	"";	"";	rafael josé
Hilton Worldwide;	"";	"";	hilton worldwide holdings inc.
Bourne shell;	"";	"";	bourne shell
Hilton Hotels & Resorts;	"";	"";	hilton hotels & resorts
Chen Duxiu;	"";	"";	chen duxiu
Sabines;	"";	"";	sabine
Tivoli, Lazio;	"";	"";	tivoli
Ostia Antica;	"";	"";	ostia antica
Tostig Godwinson;	"";	"";	tostig godwinson
Roman Forum;	"";	"";	roman forum
Romana (Doctor Who);	"";	[[time lord]];	romana
Viterbo;	"";	"";	viterbo
Daitō-ryū Aiki-jūjutsu;	"";	"";	daitō-ryū aiki-jūjutsu<br>(大東流 合気柔術)
Olaus Rudbeck;	"";	"";	olaus rudbeck
Community of Christ;	"";	no;	community of christ
St Kilda Football Club;	"";	"";	note1
Sverdrup;	"";	"";	sverdrup
Johann Olav Koss;	"";	"";	johann olav koss
Ron Barassi;	"";	no}};	ron barassi<br />{{post-nominals
Jean-Bédel Bokassa;	"";	"";	jean-bédel bokassa
Don (river);	"";	"";	don
Rendsburg-Eckernförde;	"";	"";	rendsburg-eckernförde
Lemierre's syndrome;	"";	"";	lemierre's syndrome
Yalta Conference;	"";	"";	yalta conference
Uilleann pipes;	"";	"";	uilleann pipes
Tampa, Florida;	"";	"";	tampa
Wag the Dog;	"";	"";	wag the dog
Wally Pipp;	"";	"";	wally pipp
Morrow County, Ohio;	"";	"";	ossing run
The Color of Truth;	"";	"";	the color of truth
A New Kind of Science;	"";	"";	a new kind of science
Plön (district);	"";	"";	plön
Crab;	"";	"";	crab
Johann Heinrich Lambert;	"";	"";	johann heinrich lambert
Company (musical);	"";	"";	company
Carronade;	"";	"";	carronade
Vincent of Lérins;	"";	"";	vincent of lérins
Franklin County, Ohio;	"";	"";	franklin county
Cuyahoga County, Ohio;	"";	"";	cuyahoga county
Rashtriya Swayamsevak Sangh;	"";	"";	rashtriya swayamsevak sangh
Westland Aircraft;	"";	"";	westland aircraft
Westland Helicopters;	"";	"";	westland helicopters
Miranda (programming language);	"";	"";	miranda
Airbus Helicopters;	"";	"";	airbus helicopters sas
Dornier Flugzeugwerke;	"";	"";	dornier-werke gmbh
DASA;	"";	"";	dasa
Pineville, North Carolina;	"";	"";	}}
World Boxing Council;	"";	"";	world boxing council
CASA (aircraft manufacturer);	"";	"";	eads casa
Asser;	"";	"";	asser
Sociedad Estatal de Participaciones Industriales;	"";	"";	sociedad estatal de participaciones industriales
Hudson County, New Jersey;	"";	"";	hudson county high point, new jersey}}</ref> the lowest point is at sea level. [[north bergen, new jersey
Nintinugga;	"";	"";	nintinugga
Erythrae;	"";	"";	erythrae
Karl Weierstrass;	"";	"";	karl weierstrass
Priene;	"";	"";	priene
Blois;	"";	"";	ville de blois
Apache Xerces;	"";	"";	apache xerces
Apache Xalan;	"";	"";	apache xalan
Charlotte Atkins;	"";	"";	charlotte atkins
World Boxing Association;	"";	"";	world boxing association
UserLand Software;	"";	"";	userland software
Le Fleix;	"";	"";	le fleix
RSS;	"";	no;	rss
Tourin;	"";	"";	tourin
Saved by the Bell;	"";	"";	saved by the bell: soundtrack to the original hit tv series
Artaxerxes II;	"";	"";	artaxerxes ii<br>𐎠𐎼𐎫𐎧𐏁𐏂
Aldhelm;	"";	"";	aldhelm
Sherborne Abbey;	"";	"";	sherborne abbey
Inktomi;	"";	"";	inktomi corporation
Robin Milner;	"";	"";	robin milner
Edgar F. Codd;	"";	"";	"edgar \"ted\" codd"
Denny McLain;	"";	"";	denny mclain
Huntington, West Virginia;	"";	"";	huntington, west virginia
William Smith (geologist);	"";	"";	william smith
Richie Ashburn;	"";	"";	richie ashburn
Yonkers, New York;	"";	"";	yonkers
Cruel Intentions;	"";	"";	cruel intentions
Reese Witherspoon;	"";	no}};	reese witherspoon
Sun Electric (band);	"";	"";	sun electric}}
San Lorenzo, Puerto Rico;	"";	"";	san lorenzo
Milk River (Alberta–Montana);	"";	"";	milk river
Montana State University–Northern;	"";	"";	montana state university–northern
Zozobra;	"";	"";	zozobra
Don DeLillo;	"";	"";	don delillo
White Pine County, Nevada;	"";	"";	wheeler peak, nevada}}</ref> it is also the most topographically prominent peak in the county and the second-most prominent peak in nevada (after [[mount charleston]]).
Nye County, Nevada;	"";	"";	mount jefferson, nevada
Lincoln County, Nevada;	"";	"";	mount grafton-south ridge, nevada
Lander County, Nevada;	"";	"";	bunker hill, nevada
Humboldt County, Nevada;	"";	"";	granite peak, nevada
Eureka County, Nevada;	"";	"";	diamond peak, nevada
Elko County, Nevada;	"";	"";	ruby dome, nevada
York County, Nebraska;	"";	"";	york county
Thayer County, Nebraska;	"";	"";	thayer county
Seward County, Nebraska;	"";	"";	seward county
Saunders County, Nebraska;	"";	"";	saunders county
Saline County, Nebraska;	"";	"";	saline county
Polk County, Nebraska;	"";	"";	polk county
Platte County, Nebraska;	"";	"";	platte county
Merrick County, Nebraska;	"";	"";	merrick county
Keith County, Nebraska;	"";	"";	ek}}
Fillmore County, Nebraska;	"";	"";	fillmore county
Butler County, Nebraska;	"";	"";	butler county
Alpha Herculis;	"";	"";	α herculis
Victoria Williams;	"";	"";	victoria williams
Glass Harp (band);	"";	"";	glass harp
The Alpha Band;	"";	"";	the alpha band
World Boxing Organization;	"";	"";	world boxing organization
Rich Mullins;	"";	"";	rich mullins
Leicester Square;	"";	"";	leicester square
A Ragamuffin Band;	"";	"";	a ragamuffin band
Rick Elias;	"";	"";	richard robert elias
Lucia Pamela;	"";	"";	into outer space with lucia pamela
Nigel Hawthorne;	"";	"";	nigel hawthorne
Richard Branson;	"";	"";	richard branson
Showgirls;	"";	"";	showgirls
Delia Bacon;	"";	"";	delia salter bacon
Quetta;	"";	"";	quetta
Virgin Records;	"";	"";	{{color
Compassion International;	"";	"";	compassion international
Morvan's syndrome;	"";	"";	morvan's syndrome
Tinus Osendarp;	"";	"";	tinus osendarp
Gates McFadden;	"";	"";	gates mcfadden
Arvo Pärt;	"";	"";	arvo pärt
Brent Spiner;	"";	"";	brent spiner
Kevyn Aucoin;	"";	"";	kevyn aucoin
Roseanne Barr;	"";	"";	roseanne barr
Christopher Moore (author);	"";	"";	christopher moore
Roseanne;	"";	no;	""
Miguel Hernández;	"";	"";	miguel hernández
Hamilcar Barca;	"";	"";	hamilcar barca
César Vallejo;	"";	"";	césar vallejo
Athanasius Kircher;	"";	"";	athanasius kircher
Monsanto;	"";	"";	monsanto company
Samuel Langley;	"";	"";	samuel langley
Autoimmunity;	"";	"";	autoimmunity
Barnes, London;	"";	"";	ons}}
London Borough of Islington;	"";	"";	<!-- at least one of the first two fields must be filled in -->
Clifford Harper;	"";	"";	clifford harper
Chiswick;	"";	"";	ons}}
Clerkenwell;	"";	"";	clerknwell parish
London Borough of Hackney;	"";	"";	<!-- at least one of the first two fields must be filled in -->
Coulsdon;	"";	"";	coulsdon ap/cp
Organisation internationale de la Francophonie;	"";	"";	'''{{lang
Bessus;	"";	"";	bessus
Cowley, London;	"";	"";	cowley
Cranham;	"";	"";	cranham
Royal Borough of Greenwich;	"";	"";	<!-- at least one of the first two fields must be filled in -->
Marc Isambard Brunel;	"";	"";	marc isambard brunel
Deptford;	"";	"";	deptford mb
Aelia Eudocia;	"";	"";	aelia eudocia
London Borough of Hounslow;	"";	"";	<!-- at least one of the first two fields must be filled in -->
Aaron Smith (musician);	"";	"";	aaron smith
Royal Borough of Kingston upon Thames;	"";	"";	<!-- at least one of the first two fields must be filled in -->
The Tigger Movie;	"";	"";	the tigger movie
Tetris Attack;	"";	"";	''tetris attack''}}
London Borough of Ealing;	"";	"";	<!-- at least one of the first two fields must be filled in -->
Harold Wood;	"";	"";	havering london borough
Waluigi;	"";	"";	waluigi
Heathrow (hamlet);	"";	"";	desc}} a mix of terraces and houses on and off of the [[bath road]], the west of which was a set of 18 densely packed houses, belch's row and the east of which was sipson green, further orchard-backed homes along the bath road in the same parish.<ref name=os25inch/> heathrow itself had no terraces, instead small cottages and a few larger houses in large grounds.<ref name=os25inch/> two offshoot lanes broke away, cain's lane southeast to [[bedfont
Solid angle;	"";	"";	solid angle
Ricardo Bofill;	"";	"";	ricardo bofill leví
Golders Green Crematorium;	"";	"";	golders green crematorium
Hornchurch;	"";	"";	hornchurch population
Leonidas I;	"";	"";	leonidas i
Kew;	"";	"";	ons}} kew is the location of the [[kew gardens
Royal Borough of Kensington and Chelsea;	"";	"";	""
Morden;	"";	"";	fn1}}
Mosin–Nagant;	"";	"";	mosin–nagant
Harald Sverdrup (oceanographer);	"";	"";	harald sverdrup
Norbiton;	"";	"";	kingston upon thames london borough
Northwood, London;	"";	"";	ruislip parish
Ville Ritola;	"";	"";	ville ritola
AK-74;	"";	"";	ak-74
Long Beach, California;	"";	"";	long beach, california
Thranduil;	"";	"";	thranduil
Portsmouth, New Hampshire;	"";	"";	portsmouth, new hampshire
Obadele Thompson;	"";	"";	obadele thompson
Romford;	"";	"";	romford parish (created 1900)
Ruislip;	"";	"";	ruislip parish
Southall;	"";	"";	southall mb
Wood Green;	"";	"";	tottenham parish
Stepney;	"";	"";	dec o'connor}}</ref> actor [[steven berkoff]],<ref>[https://web.archive.org/web/20070107071043/http://news.independent.co.uk/people/profiles/article2124821.ece  ''steven berkoff: the real east enders''], [[the independent]] 4 january 2007 accessed 10 may 2007</ref> playwright [[arnold wesker]], gardener [[rachel de thame]], television executive [[alan yentob]], artist [[frank paton]], drummer [[kenney jones]], musician and writer [[jah wobble]],<ref>jah wobble, memoirs of a geezer, p. 1.</ref> singer [[kenny lynch]] and his sister [[maxine daniels]], singer [[charles coborn]], [[association football
London Borough of Haringey;	"";	"";	<!-- at least one of the first two fields must be filled in -->
London Borough of Enfield;	"";	"";	<!-- at least one of the first two fields must be filled in -->
Tolworth;	"";	"";	tolworth tower
London Borough of Barnet;	"";	"";	<!-- at least one of the first two fields must be filled in -->
Upminster;	"";	"";	upminster population
William Walton;	"";	"";	william walton}}
Boulder, Colorado;	"";	"";	boulder
London Borough of Brent;	"";	"";	<!-- at least one of the first two must be filled in -->
Walthamstow;	"";	"";	valentine la touche mcentee, 1st baron mcentee of walthamstow}}
Gentoo Linux;	"";	"";	gentoo linux
London Borough of Harrow;	"";	"";	<!-- at least one of the first two fields must be filled in -->
COWSEL;	"";	"";	cowsel
London Borough of Waltham Forest;	"";	"";	}}
London Borough of Redbridge;	"";	"";	<!-- at least one of the first two fields must be filled in -->
Wright County, Missouri;	"";	"";	wright county, missouri
Worth County, Missouri;	"";	"";	worth county, missouri
Webster County, Missouri;	"";	"";	webster county, missouri
Wayne County, Missouri;	"";	"";	wayne county, missouri
London Borough of Havering;	"";	"";	<!-- at least one of the first two fields must be filled in -->
Washington County, Missouri;	"";	"";	washington county, missouri
Warren County, Missouri;	"";	"";	warren county, missouri
Vernon County, Missouri;	"";	"";	vernon county, missouri
Texas County, Missouri;	"";	"";	texas county, missouri
Taney County, Missouri;	"";	"";	taney county, missouri
Sullivan County, Missouri;	"";	"";	sullivan county, missouri
Stone County, Missouri;	"";	"";	stone county, missouri
Stoddard County, Missouri;	"";	"";	stoddard county, missouri
Ste. Genevieve County, Missouri;	"";	"";	ste. genevieve county, missouri
St. Louis County, Missouri;	"";	"";	st. louis county, missouri
St. Francois County, Missouri;	"";	"";	st. francois county, missouri
St. Clair County, Missouri;	"";	"";	st. clair county, missouri
Shelby County, Missouri;	"";	"";	shelby county, missouri
Shannon County, Missouri;	"";	"";	shannon county, missouri
Scott County, Missouri;	"";	"";	scott county, missouri
Scotland County, Missouri;	"";	"";	scotland county, missouri
Schuyler County, Missouri;	"";	"";	schuyler county, missouri
Saline County, Missouri;	"";	"";	saline county, missouri
Ripley County, Missouri;	"";	"";	ripley county, missouri
Reynolds County, Missouri;	"";	"";	reynolds county, missouri
Ray County, Missouri;	"";	"";	ray county, missouri
Randolph County, Missouri;	"";	"";	randolph county, missouri
Ralls County, Missouri;	"";	"";	ralls county, missouri
Pulaski County, Missouri;	"";	"";	pulaski county, missouri
Polk County, Missouri;	"";	"";	polk county, missouri
Platte County, Missouri;	"";	"";	platte county, missouri
Pike County, Missouri;	"";	"";	pike county, missouri
Phelps County, Missouri;	"";	"";	phelps county, missouri
Pettis County, Missouri;	"";	"";	pettis county, missouri
Perry County, Missouri;	"";	"";	perry county, missouri
Pemiscot County, Missouri;	"";	"";	pemiscot county, missouri
Ozark County, Missouri;	"";	"";	ozark county, missouri
Osage County, Missouri;	"";	"";	osage county, missouri
Oregon County, Missouri;	"";	"";	oregon county, missouri
Nodaway County, Missouri;	"";	"";	nodaway county, missouri
Newton County, Missouri;	"";	"";	newton county, missouri
New Madrid County, Missouri;	"";	"";	new madrid county, missouri
Morgan County, Missouri;	"";	"";	morgan county, missouri
Monroe County, Missouri;	"";	"";	monroe county, missouri
Moniteau County, Missouri;	"";	"";	moniteau county, missouri
Mississippi County, Missouri;	"";	"";	mississippi county, missouri
Miller County, Missouri;	"";	"";	miller county, missouri
Mercer County, Missouri;	"";	"";	adel, missouri}}</small>
Marion County, Missouri;	"";	"";	marion county, missouri
Maries County, Missouri;	"";	"";	maries county, missouri
Madison County, Missouri;	"";	"";	madison county, missouri
Macon County, Missouri;	"";	"";	macon county, missouri
McDonald County, Missouri;	"";	"";	mcdonald county, missouri
Livingston County, Missouri;	"";	"";	livingston county, missouri
Linn County, Missouri;	"";	"";	linn county, missouri
Lincoln County, Missouri;	"";	"";	lincoln county, missouri
Lewis County, Missouri;	"";	"";	lewis county, missouri
Lawrence County, Missouri;	"";	"";	lawrence county, missouri
Lafayette County, Missouri;	"";	"";	lafayette county, missouri
Laclede County, Missouri;	"";	"";	laclede county, missouri
Knox County, Missouri;	"";	"";	knox county, missouri
Johnson County, Missouri;	"";	"";	johnson county, missouri
Jefferson County, Missouri;	"";	"";	jefferson county, missouri
Jasper County, Missouri;	"";	"";	jasper county, missouri
Iron County, Missouri;	"";	"";	iron county, missouri
Howell County, Missouri;	"";	"";	howell county, missouri
Howard County, Missouri;	"";	"";	howard county, missouri
Holt County, Missouri;	"";	"";	holt county, missouri
Hickory County, Missouri;	"";	"";	hickory county, missouri
Henry County, Missouri;	"";	"";	henry county, missouri
Harrison County, Missouri;	"";	"";	harrison county, missouri
Grundy County, Missouri;	"";	"";	grundy county, missouri
Greene County, Missouri;	"";	"";	greene county, missouri
Gentry County, Missouri;	"";	"";	gentry county, missouri
Gasconade County, Missouri;	"";	no;	gasconade county, missouri
Franklin County, Missouri;	"";	"";	franklin county, missouri
Dunklin County, Missouri;	"";	"";	dunklin county, missouri
Douglas County, Missouri;	"";	"";	douglas county, missouri
Dent County, Missouri;	"";	"";	dent county, missouri
DeKalb County, Missouri;	"";	"";	dekalb county, missouri
Daviess County, Missouri;	"";	"";	daviess county, missouri
Dallas County, Missouri;	"";	"";	dallas county, missouri
Dade County, Missouri;	"";	"";	dade county, missouri
Crawford County, Missouri;	"";	"";	crawford county, missouri
Cooper County, Missouri;	"";	"";	cooper county, missouri
Cole County, Missouri;	"";	"";	cole county, missouri
Clark County, Missouri;	"";	"";	clark county, missouri
Christian County, Missouri;	"";	"";	christian county, missouri
Chariton County, Missouri;	"";	"";	chariton county, missouri
Cedar County, Missouri;	"";	"";	cedar county, missouri
Cass County, Missouri;	"";	"";	cass county, missouri
Carter County, Missouri;	"";	"";	carter county, missouri
Carroll County, Missouri;	"";	"";	carroll county, missouri
Cape Girardeau County, Missouri;	"";	"";	cape girardeau county, missouri
Camden County, Missouri;	"";	"";	camden county, missouri
Callaway County, Missouri;	"";	"";	callaway county, missouri
Caldwell County, Missouri;	"";	"";	caldwell county, missouri
Butler County, Missouri;	"";	"";	butler county, missouri
Buchanan County, Missouri;	"";	"";	buchanan county, missouri
Boone County, Missouri;	"";	"";	boone county, missouri
Bollinger County, Missouri;	"";	"";	bollinger county, missouri
Benton County, Missouri;	"";	"";	benton county, missouri
Bates County, Missouri;	"";	"";	bates county, missouri
Barton County, Missouri;	"";	"";	barton county, missouri
Barry County, Missouri;	"";	"";	barry county, missouri
Audrain County, Missouri;	"";	"";	audrain county, missouri
Atchison County, Missouri;	"";	"";	atchison county, missouri
Andrew County, Missouri;	"";	"";	andrew county, missouri
Adair County, Missouri;	"";	"";	adair county, missouri{{citation needed
Robert Grosseteste;	"";	"";	robert grosseteste
Han River (Korea);	"";	"";	han river
County Kildare;	"";	"";	county kildare
Leffe;	"";	"";	leffe
Hinds County, Mississippi;	"";	"";	hinds county
FN FAL;	"";	"";	fn fal
Colt AR-15;	"";	"";	colt ar-15
Brolga;	antigone;	rubicunda;	brolga
Luger pistol;	"";	"";	luger pistol
Thompson submachine gun;	"";	"";	thompson submachine gun, caliber .45
Vector (band);	"";	"";	vector
Wayne County, Michigan;	"";	"";	wayne county
Oakland County, Michigan;	"";	"";	oakland county, michigan
Monroe County, Michigan;	"";	"";	airport senior high school}}
Beloit, Wisconsin;	"";	"";	beloit, wisconsin
Steve Taylor;	"";	"";	steve taylor
Tigrinya language;	"";	"";	tigrinya
Amharic;	"";	"";	amharic
Hubert Selby Jr.;	"";	"";	hubert selby jr.
Fran Ulmer;	"";	"";	fran ulmer
Symbolism (arts);	"";	"";	symbolism
Spiny lobster;	"";	"";	spiny lobsters
ELISA;	"";	"";	elisa
Doo-wop;	"";	"";	doo-wop
Panasonic;	"";	"";	panasonic holdings corporation
Lev Vygotsky;	"";	"";	lev vygotsky
Phi Kappa Psi;	"";	"";	phi kappa psi
Hannah Arendt;	"";	no;	hannah arendt
Frantz Fanon;	"";	"";	frantz fanon
Fleming and John;	"";	"";	fleming and john
Sixpence None the Richer;	"";	"";	sixpence none the richer
Australian Catholic University;	"";	"";	australian catholic university
Julana;	"";	"";	julana
The Neverhood;	"";	"";	''the neverhood''}}
Browning Hi-Power;	"";	"";	browning hi-power
Thebe (moon);	"";	"";	thebe
Doug TenNapel;	"";	"";	doug tennapel's profile}}
Wawalag;	"";	"";	wawalag sisters
Luis A. Ferré;	"";	"";	luis ferré
Rasmus Bartholin;	"";	"";	rasmus bartholin
America's Great Depression;	"";	"";	america's great depression
Rongo;	"";	"";	rongo
Oscar De La Hoya;	"";	"";	oscar de la hoya
Haumea (mythology);	"";	"";	haumea
Ruhr (river);	"";	"";	ruhr
Ruhr;	"";	"";	ruhr
London Borough of Bromley;	"";	"";	<!-- at least one of the first two fields must be filled in -->
London Borough of Bexley;	"";	"";	""
London Borough of Barking and Dagenham;	"";	"";	<!-- at least one of the first two fields must be filled in -->
London Borough of Lewisham;	"";	"";	<!-- at least one of the first two fields must be filled in -->
Adamawa–Ubangi languages;	"";	"";	adamawa–ubangi
Wolof language;	"";	"";	wolof
London Borough of Sutton;	"";	"";	<!-- at least one of the first two fields must be filled in -->
Alexis of Russia;	"";	"";	alexis
London Borough of Merton;	"";	"";	<!-- at least one of the first two fields must be filled in -->
London Borough of Wandsworth;	"";	"";	<!-- at least one of the first two fields must be filled in -->
London Borough of Lambeth;	"";	"";	""
European Economic Area;	"";	"";	{{collapsible list
Xhosa language;	"";	"";	xhosa
West Atlantic languages;	"";	"";	west atlantic
London Borough of Richmond upon Thames;	"";	"";	<!-- at least one of the first two fields must be filled in -->
Cunard Line;	"";	"";	cunard
London Borough of Hillingdon;	"";	"";	<!-- at least one of the first two fields must be filled in -->
London Borough of Newham;	"";	"";	<!-- at least one of the first two fields must be filled in -->
Cenani–Lenz syndactylism;	"";	"";	cenani–lenz syndactylism
Say–Meyer syndrome;	"";	"";	""
London Borough of Hammersmith and Fulham;	"";	"";	<!-- at least one of the first two fields must be filled in -->
London Borough of Tower Hamlets;	"";	"";	tower hamlets
Edmonton;	"";	"";	edmonton
Baroness Orczy;	"";	"";	baroness (emma) orczy
Samuel Cunard;	"";	"";	samuel cunard
Nusrat Fateh Ali Khan;	"";	"";	nusrat fateh ali khan
Gnocchi;	"";	"";	gnocchi
Neckar;	"";	"";	neckar
Fairview Lawn Cemetery;	"";	"";	fairview cemetery
Bonaventure;	"";	"";	bonaventure
Tāne;	"";	"";	tāne
Stirling number;	"";	"";	stirling numbers of first kind}}
Tangaroa;	"";	"";	tangaroa
Upton Sinclair;	"";	no;	upton sinclair
Tūmatauenga;	"";	"";	tūmatauenga
James Stirling (mathematician);	"";	"";	james stirling
Karihi;	"";	"";	karihi
Kanae;	"";	"";	kanae
Survivor (Palahniuk novel);	"";	"";	survivor
Survivor (franchise);	"";	"";	austriagermanysurvivor
Whaitiri;	"";	"";	whaitiri
Kaitangata (mythology);	"";	"";	kaitangata
John Vincent Atanasoff;	"";	"";	john vincent atanasoff
Wilson County, Kansas;	"";	"";	cedar twp.}}
Dioptre;	"";	"";	dioptre
Nascom;	"";	"";	nascom
Republic County, Kansas;	"";	"";	greta granstedt biography}}</ref>
Franklin County, Kansas;	"";	"";	appanoose township}}
L4 microkernel family;	"";	"";	l4 microkernel family
List of figures in the Hawaiian religion;	"";	"";	hawaiian folk tales}}, ed. [[thomas g. thrum]]
Conjoined twins;	"";	"";	conjoined twins
Mornington Crescent tube station;	"";	"";	mornington crescent
Leslie Phillips;	"";	"";	leslie phillips
Radiography;	"";	"";	radiography
Year Without a Summer;	"";	"";	year without a summer
Arlington, Texas;	"";	"";	arlington
Hine;	"";	"";	hine
C shell;	"";	"";	c shell
Dacrydium cupressinum;	dacrydium;	cupressinum;	rimu
Whiro;	"";	"";	whiro-te-tipua
Chubby Checker;	"";	"";	chubby checker
Vari;	"";	"";	vari
Wākea;	"";	"";	wākea
Rebel Alliance;	"";	"";	[[blockbusterevan]]}}
Jiang Zemin;	"";	"";	jiang zemin
Ferndale, Michigan;	"";	"";	ferndale, michigan
Lower Colorado River Authority;	"";	"";	lower colorado river authority (texas)
Jesús González (boxer);	"";	"";	jesus gonzales
James Smithson;	"";	"";	james smithson
Winnebago County, Iowa;	"";	"";	history of winnebago county and hancock county, iowa}})
Bichon Frisé;	"";	"";	bichon frisé
Solna Municipality;	"";	"";	city of solna
Maxima (software);	"";	"";	maxima
Las Vegas Outlaws (XFL);	"";	"";	las vegas outlaws
Z shell;	"";	"";	z shell
Story County, Iowa;	"";	"";	state of iowa}}</ref>
Tcsh;	"";	"";	tenex c shell
Office Space;	"";	no;	office space
Jefferson County, Iowa;	"";	"";	fairfield business park}}</ref>]]
Étienne Bézout;	"";	"";	étienne bézout
Frederick Buechner;	"";	"";	frederick buechner
Audubon County, Iowa;	"";	"";	history of audubon county, iowa
Allamakee County, Iowa;	"";	"";	past and present of allamakee county, iowa}})
Adair County, Iowa;	"";	"";	history of adair county, iowa, and its people
Posey County, Indiana;	"";	no;	""
LaPorte County, Indiana;	"";	"";	laporte county
Lake County, Indiana;	"";	"";	}}
Delaware County, Indiana;	"";	"";	elected
Slipknot (band);	"";	no;	slipknot
ʻElepaio;	"";	"";	{{okina}}elepaio
The Last Stage;	"";	"";	the last stage
LaSalle County, Illinois;	"";	"";	lasalle county, illinois
Jersey County, Illinois;	"";	"";	jersey county, illinois
DuPage County, Illinois;	"";	"";	du page county courthouse}}</ref>
Cook County, Illinois;	"";	"";	cook county
Ruatapu;	"";	"";	ruatapu
Haumia-tiketike;	"";	"";	haumia-tiketike
Tiki culture;	"";	"";	tiki culture
Mangaroa;	"";	"";	mangaroa
Ikatere;	"";	"";	ikatere
Richard Greene;	"";	"";	richard greene
Flannery O'Connor;	"";	"";	flannery o'connor
Gerald Jay Sussman;	"";	"";	gerald jay sussman
Aikanaka (mythology);	"";	"";	ʻaikanaka
Graham Norton;	"";	"";	graham norton
Ian Paisley;	"";	"";	the lord bannside
Paikea;	"";	"";	paikea
Poukai;	"";	"";	poukai
Rūaumoko;	"";	"";	rūaumoko
Toru (given name);	"";	"";	toru
Tū-te-wehiwehi;	"";	"";	tū-te-wehiwehi
Te Uira;	"";	"";	te uira
Upolu;	"";	"";	upolu
Karakum Desert;	"";	"";	karakum (desert)
Marisol Malaret;	"";	"";	marisol malaret
Zhejiang;	"";	"";	zhejiang
Memphis, Egypt;	"";	"";	memphis
Ato Boldon;	"";	"";	ato boldon
Dauphiné;	"";	"";	dauphiné<!-- at least one of the first two fields must be filled in -->
Sedona, Arizona;	"";	"";	""
Chichester Cathedral;	"";	"";	chichester cathedral
Verdun;	"";	"";	verdun
Seahorse;	"";	"";	seahorses
Falaise, Calvados;	"";	"";	falaise
Michael Gira;	"";	"";	michael gira
Oglethorpe County, Georgia;	"";	no;	""
Gordon County, Georgia;	"";	"";	baugh mountain
Hereward the Wake;	"";	"";	hereward the wake
Charles Kingsley;	"";	"";	charles kingsley
St. Charles, Missouri;	"";	"";	st. charles, missouri
Cytochrome c oxidase;	"";	"";	cytochrome c oxidase
The Water-Babies, A Fairy Tale for a Land Baby;	"";	"";	the water-babies, a fairy tale for a land baby
Great Western Railway;	"";	"";	}}
The Jungle;	"";	"";	the jungle
Reginald Fessenden;	"";	"";	reginald fessenden
Blow (film);	"";	"";	blow
Laura Serrano;	"";	"";	laura serrano
Alex Haley;	"";	"";	alex haley
Box Tunnel;	"";	"";	box tunnel
Respiratory complex I;	"";	"";	respiratory complex i
Barley wine;	"";	"";	barley wine
Coenzyme Q – cytochrome c reductase;	"";	"";	ucr_tm
Anglia Ruskin University;	"";	"";	anglia ruskin university
Anhur;	"";	"";	anhur
Saguache County, Colorado;	"";	"";	saguache
Rio Blanco County, Colorado;	"";	"";	white river city
Huerfano County, Colorado;	"";	"";	huerfano county
Crowley County, Colorado;	"";	"";	lake meredith }}</ref>
Chaffee County, Colorado;	"";	"";	chaffee county
Nut (goddess);	"";	"";	nut
State University of New York;	"";	"";	state university of new york
Direct3D;	"";	"";	direct3d
Liverpool Street station;	"";	"";	liverpool street
Château-Thierry;	"";	"";	château-thierry
Sutekh;	"";	"";	sutekh
Succinic acid;	"";	"";	succinic acid
Khepri;	"";	"";	khepri
Atum;	"";	"";	atum
Shu (Egyptian god);	"";	"";	shu
Tefnut;	"";	"";	tefnut
Heliopolis (ancient Egypt);	"";	"";	heliopolis
Leghemoglobin;	"";	"";	leghaemoglobin, iron-binding site
Ugo Foscolo;	"";	"";	niccolò ugo foscolo
Nephthys;	"";	"";	nephthys
Flag of Canada;	"";	"";	canada
Twister (game);	"";	"";	twister
Callimachus;	"";	"";	callimachus
Signals (Rush album);	"";	"";	signals
Quintilian;	"";	"";	quintilian
Nu (mythology);	"";	"";	nu
Gabrielle d'Estrées;	"";	"";	gabrielle d'estrées
Amunet;	"";	"";	amunet
Kek (mythology);	"";	"";	kek
Joseph Lannin;	"";	"";	joseph lannin
Martial;	"";	"";	martial
Robert Conquest;	"";	"";	robert conquest
Min (god);	"";	"";	min
Mut;	"";	"";	mut
Khonsu;	"";	"";	khonsu
Sekhmet;	"";	"";	sekhmet
Ipomoea corymbosa;	ipomoea;	corymbosa;	""
Ptah;	"";	"";	ptah
Tori Spelling;	"";	"";	tori spelling
Dave Stieb;	"";	"";	dave stieb
Napalm Death;	"";	"";	napalm death
Nefertem;	"";	"";	nefertem
Bastet;	"";	"";	bastet
Seker;	"";	"";	seker
Ennead;	"";	"";	ennead
Larry Norman;	"";	"";	larry norman
Peter Case;	"";	"";	peter case
Amber, India;	"";	"";	amber
John F. Kennedy International Airport;	"";	"";	john f. kennedy international airport
Apep;	"";	"";	apep/apophis
Ammit;	"";	"";	ammit
Maat;	"";	"";	ma'at
Nehebkau;	"";	"";	nehebkau
Renenutet;	"";	"";	renenutet
Serket;	"";	"";	serket
Kherty;	"";	"";	<hiero>t28:t</hiero><ref name=clg/>
Aqen;	"";	"";	aqen
Apis (deity);	"";	"";	apis
Victoria and Albert Museum;	"";	"";	victoria and albert museum
Neith;	"";	"";	neith
Sobek;	"";	"";	sobek
Iah;	"";	"";	iah
Senet;	"";	"";	"<hiero>o34:n35:x1-y5</hiero> <br />''znt'' (\"passing\")"
Hapi (Nile god);	"";	"";	hapi
Intel 8085;	"";	"";	intel 8085
Benu (restaurant);	"";	"";	benu
Heh (god);	"";	"";	heh
Hathor;	"";	"";	hathor
Ihy;	"";	"";	ihy
Maahes;	"";	"";	maahes
Bes;	"";	"";	bes
Nautilus;	"";	"";	nautilus
Opet;	"";	"";	opet
Wepwawet;	"";	"";	wepwawet
Wadjet;	"";	"";	wadjet
Uto, Kumamoto;	"";	"";	uto
Buto;	"";	"";	buto
Nekhbet;	"";	"";	nekhbet
Robert C. Merton;	"";	"";	robert c. merton
Seven of Nine;	"";	{{bulleted list;	seven of nine
Khnum;	"";	"";	khnum
Heka (god);	"";	"";	heka
Harman Blennerhassett;	"";	"";	harman blennerhassett
Satis (goddess);	"";	"";	satis
Anuket;	"";	"";	anuket
Maat (rank);	"";	"";	maat
Qetesh;	"";	"";	qetesh
Max Ophüls;	"";	"";	max ophüls
Washington County, Arkansas;	"";	"";	elkhorn springs
Saline County, Arkansas;	"";	no;	""
Jefferson County, Arkansas;	"";	"";	jefferson county, arkansas}}
Eastern Bloc;	"";	"";	byelorussian ssr}} (1919–1991, un member state from 1945)
Crawford County, Arkansas;	"";	no;	""
Gerald Bull;	"";	"";	gerald bull
Ashley County, Arkansas;	"";	"";	crossroads fire tower}}</ref> the old company house museum in crossett city park is one of the original mill houses constructed by the crossett lumber company prior to 1910. the house contains period decorations and offers tours by appointment.<ref>{{ cite web
Arkansas County, Arkansas;	"";	"";	arkansas county, arkansas}}
Laura Ashley;	"";	"";	laura ashley
Michael Collins (Irish leader);	"";	"";	n 1
Roberto Formigoni;	"";	"";	roberto formigoni
Isoprene;	"";	"";	isoprene
William Moulton Marston;	"";	"";	william moulton marston
Istro-Romanian language;	"";	"";	istro-romanian
Beckenham (UK Parliament constituency);	"";	"";	beckenham
Kelly Osbourne;	"";	"";	kelly osbourne
Coenzyme Q10;	"";	"";	coenzyme q<sub>10</sub>
Pedro Zamora;	"";	"";	pedro zamora
Sun Ra;	"";	"";	sun ra
Nammu;	"";	"";	nammu
Shamash;	"";	"";	shamash<br>{{lang-sux
Sidney Bechet;	"";	"";	sidney bechet
Flag of San Marino;	"";	"";	san marino
Clarence Williams (musician);	"";	"";	clarence williams
Tommy Ladnier;	"";	"";	tommy ladnier
Bromley and Chislehurst (UK Parliament constituency);	"";	"";	bromley and chislehurst
Kid Ory;	"";	"";	kid ory
Caesar the Geezer;	"";	"";	caesar the geezer
Lewisham Deptford (UK Parliament constituency);	"";	"";	lewisham deptford
Xanthine oxidase;	"";	"";	xanthine oxidase/dehydrogenase
Die Hard;	"";	"";	die hard
Winn Parish, Louisiana;	"";	"";	winn parish, louisiana
Webster Parish, Louisiana;	"";	"";	webster parish, louisiana
Washington Parish, Louisiana;	"";	"";	washington parish, louisiana
Vernon Parish, Louisiana;	"";	"";	vernon parish, louisiana
Union Parish, Louisiana;	"";	"";	union parish, louisiana
Michael Collins (astronaut);	"";	"";	michael collins
Sabine Parish, Louisiana;	"";	"";	sabine parish, louisiana
Red River Parish, Louisiana;	"";	"";	red river parish, louisiana
Rapides Parish, Louisiana;	"";	"";	rapides parish, louisiana
Ouachita Parish, Louisiana;	"";	"";	ouachita parish, louisiana
Natchitoches Parish, Louisiana;	"";	"";	natchitoches parish, louisiana
Lincoln Parish, Louisiana;	"";	"";	lincoln parish, louisiana
LaSalle Parish, Louisiana;	"";	"";	lasalle parish, louisiana
Jefferson Davis Parish, Louisiana;	"";	"";	jennings, usa
Grant Parish, Louisiana;	"";	"";	grant parish, louisiana
East Baton Rouge Parish, Louisiana;	"";	"";	east baton rouge parish, louisiana
DeSoto Parish, Louisiana;	"";	"";	desoto parish, louisiana
Concordia Parish, Louisiana;	"";	"";	concordia parish, louisiana
Claiborne Parish, Louisiana;	"";	"";	claiborne parish, louisiana
Calcasieu Parish, Louisiana;	"";	"";	calcasieu parish, louisiana
Bossier Parish, Louisiana;	"";	"";	bossier parish
Bienville Parish, Louisiana;	"";	"";	bienville parish, louisiana
The Music Man;	"";	"";	the music man
Albert Hadley;	"";	"";	albert hadley
Tom Jones (1963 film);	"";	"";	tom jones
Lufthansa;	"";	"";	}}
Lilies of the Field (1963 film);	"";	"";	lilies of the field
Darling (1965 film);	"";	"";	darling
Doctor Zhivago (film);	"";	"";	doctor zhivago
A Thousand Clowns;	"";	"";	a thousand clowns
Family tree of the Greek gods;	"";	"";	"\"eros\""
Myles Standish;	"";	"";	myles standish
Nile (band);	"";	"";	nile
Slash (musician);	"";	"";	slash
Robert Bolt;	"";	"";	robert bolt
Fred Zinnemann;	"";	"";	fred zinnemann
Jamie Lynn Spears;	"";	"";	jamie lynn spears
Isaac Barrow;	"";	"";	isaac barrow
Carl Nielsen;	"";	"";	carl nielsen
County Limerick;	"";	"";	county limerick
Zener diode;	"";	"";	zener diode
Canine distemper;	"";	canine morbillivirus;	""
Australian Open;	"";	"";	australian open
Lake Vostok;	"";	"";	lake vostok
Will Jennings;	"";	"";	will jennings
Size-exclusion chromatography;	"";	"";	size-exclusion chromatography
Differential scanning calorimetry;	"";	"";	differential scanning calorimetry
St Davids Cathedral;	"";	"";	saint davids cathedral
The Swan (1956 film);	"";	"";	the swan
Monasterboice;	"";	"";	monasterboice
David Mansfield;	"";	"";	david mansfield
Roger McGuinn;	"";	"";	roger mcguinn
Van Dyke Parks;	"";	"";	van dyke parks
The Plimsouls;	"";	"";	the plimsouls
Miracleman (character);	"";	human mutate;	""
Ruud Lubbers;	"";	"";	ruud lubbers
Dries van Agt;	"";	"";	dries van agt
Joop den Uyl;	"";	"";	joop den uyl
Barend Biesheuvel;	"";	"";	barend biesheuvel
Piet de Jong;	"";	"";	piet de jong
Jelle Zijlstra;	"";	"";	jelle zijlstra
Willem Drees;	"";	"";	willem drees
Thomas Bulfinch;	"";	"";	thomas bulfinch
Z88DK;	"";	"";	z88dk
Lyfing (archbishop of Canterbury);	"";	"";	lyfing
University of Southampton;	"";	"";	university of southampton
C. P. Snow;	"";	"";	baron snow
Euchre;	"";	"";	the laws of euchre, as adopted by the somerset club of boston, march 1, 1888}}
University of Otago;	"";	"";	university of otago
Transcranial magnetic stimulation;	"";	"";	transcranial magnetic stimulation
Konstanz;	"";	"";	constance
Hieratic;	"";	"";	'''hieratic'''
Lyfing of Winchester;	"";	"";	lyfing of winchester
Treaty of Lunéville;	"";	"";	treaty of lunéville
Small-C;	"";	"";	small-c
Leofric (bishop);	"";	"";	leofric
Ostholstein;	"";	"";	ostholstein
Roger & Me;	"";	"";	roger & me
Amenhotep;	"";	"";	<hiero>i mn:n htp</hiero>
Am-heh;	"";	"";	<hiero>a-m-a2-c11-z1</hiero>
Babi (mythology);	"";	"";	<hiero>d58-g29-n33c-d58-m17-m17</hiero>
Flora Brovina;	"";	"";	flora brovina
Shel Silverstein;	"";	no}};	shel silverstein
Clos Lucé;	"";	"";	château du clos lucé
United States Marshals Service;	"";	"";	in re neagle
Montu;	"";	"";	montu
Buchis;	"";	"";	buchis
Sarmizegetusa Regia;	"";	"";	sarmizegetusa regia
Unification Theological Seminary;	"";	"";	unification theological seminary
London College of Communication;	"";	"";	london college of communication
Haakon, Crown Prince of Norway;	"";	"";	haakon
Queen Sonja of Norway;	"";	"";	sonja
Hatmehit;	"";	"";	hatmehit
Aspen Hill, Maryland;	"";	"";	aspen hill, maryland
Hemen;	"";	"";	hemen
Vinny Paz;	"";	"";	vinny paz
Heryshaf;	"";	"";	heryshaf
KIM-1;	"";	"";	kim-1
Iunit;	"";	"";	iunit
Kebechet;	"";	"";	'''kebechet'''
Walter Annenberg;	"";	"";	walter annenberg
Soyuz 1;	"";	"";	soyuz 1
Elmo;	"";	[[muppet]] monster;	""
Tesco;	"";	"";	tesco plc
William Barclay Parsons;	"";	"";	william barclay parsons
Antisthenes;	"";	"";	antisthenes
Jethro Tull (band);	"";	"";	jethro tull
Johnny Adair;	"";	"";	johnny adair
Mafdet;	"";	"";	mafdet
Mehet-Weret;	"";	"";	mehet-weret
Mendes;	"";	"";	mendes
Meret;	"";	"";	meret
Meretseger;	"";	"";	meretseger
Piraeus;	"";	"";	piraeus
Meskhenet;	"";	"";	meskhenet
List of United States Numbered Highways;	"";	"";	length}}
Gorgias;	"";	"";	gorgias
Theophrastus;	"";	"";	theophrastus
Jerry Lee Lewis;	"";	no}};	<!-- defaults to article title when left blank -->
Resheph;	"";	"";	resheph
Abdullah Öcalan;	"";	"";	abdullah öcalan
Sun Records;	"";	"";	sun records
Sopdu;	"";	"";	sopdu
Seshat;	"";	"";	seshat
Sopdet;	"";	"";	sopdet
Lyfing;	"";	"";	lyfing
Exeter Cathedral;	"";	"";	exeter cathedral
Alfie (1966 film);	"";	"";	alfie
The Russians Are Coming, the Russians Are Coming;	"";	"";	the russians are coming,<br />the russians are coming
The Sand Pebbles (film);	"";	"";	the sand pebbles
JAARS;	"";	"";	jaars, inc.
Carl Perkins;	"";	"";	carl perkins
Mount Holyoke College;	"";	"";	mount holyoke college
Mount Holyoke;	"";	"";	mount holyoke
Bobby Czyz;	"";	"";	bobby czyz
John Abbott;	"";	"";	john abbott
Rocky Mount, North Carolina;	"";	"";	rocky mount
Asphyxia;	"";	"";	asphyxia
Al McCoy (sportscaster);	"";	"";	al mccoy
Martha;	"";	"";	martha of bethany
North Beach, San Francisco;	"";	"";	north beach
Oda Nobuhide;	"";	"";	oda nobuhide
Red Skull;	"";	human mutate;	""
Oceanus Procellarum;	"";	"";	oceanus procellarum
Surveyor 1;	"";	"";	surveyor 1
Omar Abdel-Rahman;	"";	"";	omar abdel-rahman<br />{{lang
Chaource;	"";	"";	chaource
Pope John XIII;	"";	"";	john xiii
Gray Davis;	"";	"";	gray davis
Frankfurt (Oder);	"";	"";	frankfurt (oder)
Bill Simon (politician);	"";	"";	bill simon
Jasmine;	"";	"";	jasminum
Anya Seton;	"";	"";	anya seton
Samuel Shellabarger;	"";	"";	samuel shellabarger
Kristin Kreuk;	"";	no;	kristin kreuk
Smallville (comics);	"";	"";	smallville
National Gallery;	"";	"";	national gallery
Magma (computer algebra system);	"";	"";	magma
Syngman Rhee;	"";	"";	syngman rhee
Roh Tae-woo;	"";	"";	bd
Peterborough Cathedral;	"";	"";	peterborough cathedral
Crayola;	"";	"";	crayola llc
St Botolph's Church, Boston;	"";	"";	st botolph's church
Dropper loop;	"";	"";	dropper loop knot
The Byrds;	"";	"";	the byrds
High Speed 1;	"";	"";	high speed 1
Chartres;	"";	"";	chartres
Michael Chabon;	"";	"";	michael chabon
Artis (zoo);	"";	"";	artis royal zoo<br/>''natura artis magistra''
Jo Cals;	"";	"";	jo cals
Llandaff Cathedral;	"";	"";	llandaff cathedral
H. Carl McCall;	"";	"";	h. carl mccall
James H. Clark;	"";	"";	james h. clark
Paul Conrad;	"";	"";	paul conrad
Andrei Chikatilo;	"";	"";	andrei chikatilo
International Covenant on Civil and Political Rights;	"";	"";	international covenant on civil and political rights
More Guns, Less Crime;	"";	"";	more guns, less crime
American Enterprise Institute;	"";	"";	american enterprise institute
John Ratzenberger;	"";	"";	john ratzenberger
Olney, Maryland;	"";	"";	olney, maryland
St. Canute's Cathedral;	"";	"";	st. canute's cathedral
La Monte Young;	"";	"";	la monte young
SHRDLU;	"";	"";	shrdlu
René Farrait;	"";	"";	rene farrait
Berga;	"";	"";	berga
Flag of Djibouti;	"";	"";	republic of djibouti
Cerdanya;	"";	"";	cerdanya
Bruce Paltrow;	"";	"";	bruce paltrow
János Bolyai;	"";	"";	jános bolyai
Joseph Wolstenholme;	"";	"";	joseph wolstenholme
Georg Ernst Stahl;	"";	"";	georg ernst stahl
Joseph Gary;	"";	"";	joseph e. gary
Theramenes;	"";	"";	theramenes
The State (newspaper);	"";	"";	the state
Avon Products;	"";	"";	avon products, inc.
List of counties of Nova Scotia;	"";	"";	counties of nova scotia
Annie Sprinkle;	"";	"";	annie sprinkle
Dunstanburgh Castle;	"";	"";	dunstanburgh castle
Rafael Hernández Colón;	"";	"";	rafael hernández colón
Charles Boyer;	"";	"";	charles boyer
Shoko Asahara;	"";	"";	shoko asahara
Beccles;	"";	"";	arms of beccles town council
River Waveney;	"";	"";	waveney
Dogma (film);	"";	"";	dogma
Herman of Carinthia;	"";	"";	herman of carinthia
Spasticity;	"";	"";	spasticity
Richmond, Indiana;	"";	"";	richmond, indiana
Jay and Silent Bob;	"";	"";	jay and silent bob
Doctor Dolittle (1967 film);	"";	"";	doctor dolittle
Oliver!;	"";	"";	oliver!
Rex Harrison;	"";	"";	rex harrison
Funny Girl (musical);	"";	"";	funny girl
Rachel, Rachel;	"";	"";	rachel, rachel
Du hast;	"";	"";	du hast
Romeo and Juliet (1968 film);	"";	"";	romeo and juliet
Basal ganglia;	"";	"";	basal ganglia
Academy Award for Best Sound;	"";	"";	academy award for best sound
Butch Cassidy and the Sundance Kid;	"";	"";	butch cassidy and the sundance kid
Hello, Dolly! (musical);	"";	"";	hello, dolly!
Jimmy Durante;	"";	"";	jimmy durante
Carlos Romero Barceló;	"";	"";	carlos romero barceló
Free jazz;	"";	"";	free jazz
Mare Imbrium;	"";	"";	mare imbrium
Calumet, Michigan;	"";	"";	calumet, michigan
Brookline, Massachusetts;	"";	"";	""
Ranger program;	"";	"";	ranger
Isaac Brock;	"";	"";	sir isaac brock
National Trust;	"";	"";	national trust
National Trust for Scotland;	"";	"";	national trust for scotland
National Trust for Historic Preservation;	"";	"";	national trust for historic preservation
Jack O'Neill;	"";	[[tau'ri;	jack o'neill
Veronica Lodge;	"";	"";	veronica lodge
Speed (1994 film);	"";	"";	speed
Fernando Vargas;	"";	"";	fernando vargas
Luna programme;	"";	"";	luna space programme
Luna 5;	"";	"";	''luna 5''
Luna 6;	"";	"";	''luna 6''
Luna 7;	"";	"";	''luna 7''
Luna 8;	"";	"";	''luna 8''
Luna 9;	"";	"";	luna 9
Luna 10;	"";	"";	luna 10
Luna 11;	"";	"";	luna 11
Luna 12;	"";	"";	luna 12
Luna 13;	"";	"";	luna 13
Luna 14;	"";	"";	luna 14
Argyria;	"";	"";	argyria
Luna 15;	"";	"";	luna 15
Luna 16;	"";	"";	''luna 16''
Luna 17;	"";	"";	''luna 17''
Luna 18;	"";	"";	''luna 18''
Luna 19;	"";	"";	''luna 19''
Luna 20;	"";	"";	''luna 20''
Luna 21;	"";	"";	''luna 21''
Luna 22;	"";	"";	''luna 22''
Luna 23;	"";	"";	''luna 23''
Luna 24;	"";	"";	''luna 24''
Châlons-en-Champagne;	"";	"";	châlons-en-champagne
Dijon;	"";	"";	dijon
Arezzo;	"";	"";	arezzo
George Gilbert Scott;	"";	"";	sir george gilbert scott
Giles Gilbert Scott;	"";	"";	giles gilbert scott
FreeDOS;	"";	"";	freedos
National Print Museum;	"";	"";	national print museum
Ernst Stavro Blofeld;	"";	"";	ernst stavro blofeld
Anti-Revolutionary Party;	"";	"";	anti-revolutionary party
Point Pelee National Park;	"";	"";	point pelee national park
Countryside Agency;	"";	"";	countryside agency
Hermann Grassmann;	"";	"";	hermann günther grassmann
Christiana, Pennsylvania;	"";	"";	christiana, pennsylvania
Neuroleptic malignant syndrome;	"";	"";	neuroleptic malignant syndrome
Stockton, California;	"";	"";	stockton
Dicastery for the Doctrine of the Faith;	"";	"";	dicastery for the doctrine of the faith
Pearl Harbor (film);	"";	"";	pearl harbor: music from the motion picture
Mighty Mouse;	"";	mouse;	mighty mouse
College Park, Maryland;	"";	"";	college park, maryland
English Heritage;	"";	"";	english heritage
Worcester, Massachusetts;	"";	"";	worcester
Betty Cooper;	"";	"";	{{no italic
Steinburg;	"";	"";	steinburg
Richard Hamming;	"";	"";	richard hamming
William Henry Perkin;	"";	"";	sir william henry perkin
Sergei Rachmaninoff;	"";	"";	sergei rachmaninoff
Gascon dialect;	"";	"";	gascon
Oshun;	"";	"";	oshun
Seamus Costello;	"";	"";	seamus costello
Kosmos 27;	"";	"";	kosmos 27
Palikir;	"";	"";	palikir
Eshu;	"";	"";	èṣù
Saqqara;	"";	"";	saqqara
Ricky Meléndez;	"";	"";	ricky meléndez
Norfolk Wildlife Trust;	"";	"";	norfolk wildlife trust
Diodorus Siculus;	"";	"";	diodorus siculus
Naphthalene;	"";	"";	naphthalene
1964 New York World's Fair;	"";	"";	1964–1965 new york world's fair
Patton (film);	"";	"";	patton
Airport (1970 film);	"";	"";	airport
Love Story (1970 film);	"";	"";	love story
The French Connection (film);	"";	"";	the french connection
Nicholas and Alexandra;	"";	"";	nicholas and alexandra
Bert Hölldobler;	"";	"";	bert hölldobler
The Ants;	"";	"";	the ants
Barry Lopez;	"";	"";	barry lopez
Iona (band);	"";	"";	iona
Rephlex Records;	"";	"";	rephlex records
Tiraspol;	"";	"";	tiraspol
Exponentiation;	"";	"";	notation
Reggie Mantle;	"";	"";	reggie mantle
Archie Andrews;	"";	"";	archie andrews
Greetings from Asbury Park, N.J.;	"";	"";	greetings from asbury park, n.j.
This Is Spinal Tap;	"";	"";	this is spinal tap
Prithvi;	"";	"";	prithvi
Shesha;	"";	"";	shesha
Aditi;	"";	"";	aditi
Hindu deities;	"";	"";	avatars
Cecum;	"";	"";	cecum
Qin Shi Huang;	"";	"";	qin shi huang<br />{{linktext
Ileum;	"";	"";	ileum
Jughead Jones;	"";	"";	jughead jones
Jejunum;	"";	"";	jejunum
Small intestine;	"";	"";	small intestine
Appendix (anatomy);	"";	"";	appendix
Frederick the Great;	"";	"";	frederick the great}}
University of La Verne;	"";	"";	university of la verne
Tom Vilsack;	"";	"";	tom vilsack
Terry Branstad;	"";	"";	terry branstad
Anna Sewell;	"";	"";	anna sewell
Early modern human;	"";	"";	350kiloyearsago
Vladimir Kramnik;	"";	"";	vladimir kramnik
Ipswich;	"";	"";	ipswich
Peng Chau;	"";	"";	peng chau
Friedrich Blass;	"";	"";	friedrich blass}}
Sudbury, Suffolk;	"";	"";	arms of sudbury town council
King's Lynn;	"";	"";	gurnall, william}}</ref>
Collège du Sacré-Cœur (Egypt);	"";	"";	collège du sacré-cœur
Silverlink;	"";	"";	silverlink
Mobico Group;	"";	"";	mobico group
The Wildlife Trusts;	"";	"";	the wildlife trusts
Gaur;	"";	"";	gaur
John Mark Painter;	"";	"";	john mark painter
Trinity Broads;	"";	"";	""
Quotations from Chairman Mao Tse-tung;	"";	"";	''quotations from<br />chairman mao tse-tung''<br />{{small
Benmont Tench;	"";	"";	benmont tench
Brian Setzer;	"";	"";	brian setzer
Malthouse Broad;	"";	"";	malthouse broad
Wallonia;	"";	"";	wallonia
The Call (band);	"";	"";	the call
Ranworth Broad;	"";	"";	ranworth broad
Upton Fen;	"";	"";	upton fen
Alderfen Broad;	"";	"";	alderfen broad
Barton Broad;	"";	"";	barton broad
Cockshoot Broad;	"";	"";	cockshoot broad
Hickling Broad;	"";	"";	hickling broad
Norbert Zongo;	"";	"";	norbert zongo
Surveyor 2;	"";	"";	surveyor 2
Surveyor 4;	"";	"";	surveyor 4
Surveyor 5;	"";	"";	surveyor 5
Surveyor 6;	"";	"";	surveyor 6
Brihaspati;	"";	"";	brihaspati
Wile E. Coyote and the Road Runner;	"";	wile e. coyote: [[coyote]]<br />the road runner: [[greater roadrunner]];	""
Mexico City International Airport;	"";	"";	mexico city international airport
Henry Fox Talbot;	"";	"";	henry fox talbot
Maytown, Pennsylvania;	"";	"";	maytown, pennsylvania
St Benet's Abbey;	"";	"";	st benet's abbey
Hoveton Great Broad;	"";	"";	hoveton great broad
Michael McKean;	"";	"";	michael mckean
David Lander;	"";	"";	david lander
University of Massachusetts Boston;	"";	"";	university of massachusetts boston
Bogosort;	"";	"";	pessimal
Autaugaville, Alabama;	"";	"";	autaugaville, alabama
Andy Kaufman;	"";	no;	andy kaufman
Bay Minette, Alabama;	"";	"";	bay minette, alabama
Fairhope, Alabama;	"";	"";	fairhope, alabama
Foley, Alabama;	"";	"";	}}
Robertsdale, Alabama;	"";	"";	robertsdale, alabama
Spanish Fort, Alabama;	"";	"";	spanish fort, alabama
Wroxham Broad;	"";	"";	wroxham broad
Milton Hershey School;	"";	"";	milton hershey school
Justice League;	"";	"";	justice league
Fritz;	"";	"";	fritz
Cabin Boy;	"";	"";	cabin boy
Salvinia molesta;	salvinia;	molesta;	giant salvinia
Late Night with David Letterman;	"";	"";	late night with david letterman}}
Johnny Carson;	"";	"";	johnny carson
The Tonight Show;	"";	no;	""
PostGIS;	"";	"";	postgis
Ernie Kovacs;	"";	"";	ernie kovacs
Una aventura llamada Menudo;	"";	"";	una aventura llamada menudo
Olaf Stapledon;	"";	"";	olaf stapledon
Douglas Lenat;	"";	"";	douglas lenat
Bertrand Delanoë;	"";	"";	bertrand delanoë
Royal Society for the Protection of Birds;	"";	"";	royal society for the protection of birds
Halvergate Marshes;	"";	"";	halvergate marshes
Berney Marshes & Breydon Water RSPB reserve;	"";	"";	berney marshes and breydon water
Breydon Water;	"";	"";	breydon water
Grebe;	"";	"";	grebes
Otago;	"";	"";	otago
Marc Okrand;	"";	"";	marc okrand
Federico García Lorca;	"";	"";	federico garcía lorca
Clarence Nash;	"";	"";	clarence nash
Sargon II;	"";	"";	sargon ii
Cambrai;	"";	"";	cambrai
Wario;	"";	"";	wario
Super Mario 64;	"";	"";	egm100
Protected areas of Queensland;	"";	"";	pine ridge conservation park}})<ref>{{cite qpn
Protected areas of South Australia;	"";	"";	efn1
MI5;	"";	"";	security service (mi5)
George Gallup;	"";	"";	george gallup
Philip V of Macedon;	"";	"";	philip v
Thomas Midgley Jr.;	"";	"";	thomas midgley jr.
Morton Peto;	"";	"";	sir samuel morton peto, bt
Oval window;	"";	"";	oval window
Edwardian era;	"";	"";	edwardian era
Damon Albarn;	"";	"";	damon albarn
John Pentland Mahaffy;	"";	"";	sir john mahaffy
Chespirito;	"";	"";	chespirito
Marvin the Martian;	"";	[[martian]];	marvin the martian
Matsya;	"";	"";	matsya
Kurma;	"";	"";	kurma
Paul Barbarin;	"";	"";	paul barbarin
Varaha;	"";	"";	varaha
Hiranyaksha;	"";	"";	hiranyaksha
Florence Nightingale;	"";	"";	florence nightingale
Narasimha;	"";	"";	narasimha
Prince Claus of the Netherlands;	"";	"";	claus von amsberg
Vamana;	"";	"";	vamana
Level 7 (novel);	"";	"";	level 7
Ravi Shankar;	"";	"";	east meets west music}} ravi shankar foundation
Bobby Darin;	"";	"";	bobby darin
Parvati;	"";	"";	parvati
Gauri (raga);	"";	"";	gauri
Lakshmi;	"";	"";	lakshmi
Durga;	"";	"";	durga
Tim Westwood;	"";	"";	tim westwood
French Quarter;	"";	"";	french quarter
Savitr;	"";	"";	savitra
Virabhadra;	"";	"";	virabhadra
The Victorian Internet;	"";	"";	the victorian internet: the remarkable story of the telegraph and the nineteenth century's on-line pioneers
Stefan Zweig;	"";	"";	stefan zweig
Radha;	"";	"";	radha
Yashoda;	"";	"";	yashoda
Rakshasa;	"";	"";	rakshasa
Hanuman;	"";	"";	hanuman
Kalki;	"";	"";	kalki
National Science Foundation Network;	"";	"";	national science foundation network
Arjuna;	"";	"";	arjuna
Paul Whiteman;	"";	"";	paul whiteman
Hudson Hawk;	"";	"";	hudson hawk
Christopher Pike (Star Trek);	"";	human;	""
Lightsaber;	"";	"";	lightsaber
National Medal of Science;	"";	"";	national medal of science
New Orleans Pelicans (baseball);	"";	"";	new orleans pelicans baseball
Miss Piggy;	"";	muppet [[pig]];	miss piggy
Agastya;	"";	"";	agastya
Ahalya;	"";	"";	maha and abhaga}} following vishvamitra, the princes enter the ashram to see ahalya, who, up till then, had been hidden from the universe. ahalya is described as glowing from the intensity of her ascetic devotion, but hidden from the world like the sun obscured by dark clouds, the light of a full moon hidden by mist or a blazing flame masked by smoke. under the direction of his guru, rama considers ahalya pure and unblemished and, accompanied by lakshamana, gives her [[pranāma
Dhanapati;	"";	"";	dhanapati
Amitābha;	"";	"";	amitābha
Standard ML;	"";	"";	standard ml
Jerry Herman;	"";	"";	jerry herman
Millipede;	"";	"";	millipedes
Millipede (video game);	"";	"";	millipede}}
Venevisión;	"";	"";	venevisión
Víctor Raúl Haya de la Torre;	"";	"";	víctor raúl haya de la torre
The Wild, the Innocent & the E Street Shuffle;	"";	"";	the wild, the innocent & the e street shuffle
Angiras;	"";	"";	angiras
Annapurna;	"";	"";	annapurna
Avatar;	"";	"";	buddha
Apalala;	"";	"";	apalāla
Apam Napat;	"";	"";	a
Ringo Lam;	"";	"";	ringo lam
Sammo Hung;	"";	"";	sammo hung
Madrid–Barajas Airport;	"";	"";	adolfo suárez<br />madrid-barajas airport<ref>{{cite news
Willem-Alexander of the Netherlands;	"";	"";	willem-alexander
Tsui Hark;	"";	"";	tsui hark
Prince Friso of Orange-Nassau;	"";	"";	prince friso
Prince Constantijn of the Netherlands;	"";	"";	prince constantijn
Opus Dei;	"";	"";	opus dei
Ethel Merman;	"";	"";	ethel merman
Josemaría Escrivá;	"";	"";	josemaría escrivá
Wymondham Abbey;	"";	"";	wymondham abbey
Robert Plant;	"";	"";	robert plant
Natura 2000;	"";	"";	natura 2000
Casamance;	"";	"";	casamance
Hua Guofeng;	"";	"";	hua guofeng
Irish round tower;	"";	"";	irish round tower
