title;	genus;	species;	name
The Patent Leather Kid;	"";	"";	the patent leather kid
The Circus (1928 film);	"";	"";	the circus
Warner Baxter;	"";	"";	warner baxter
George Bancroft;	"";	"";	george bancroft
Thunderbolt (1929 film);	"";	"";	thunderbolt
Chester Morris;	"";	"";	chester morris
Chi Cheng (athlete);	"";	"";	chi cheng
Lewis Stone;	"";	"";	lewis stone
White Pony;	"";	"";	white pony
Around the Fur;	"";	"";	around the fur
Adrenaline (album);	"";	"";	adrenaline
Pantera;	"";	"";	pantera
Faith No More;	"";	"";	faith no more
Chester Bennington;	"";	no}};	chester bennington
Joe Hahn;	"";	"";	joe hahn
Queen Pen;	"";	"";	queen pen
The Green Goddess (1930 film);	"";	"";	the green goddess
Red Deer, Alberta;	"";	"";	red deer
Radarsat-1;	"";	"";	radarsat-1
Wallace Beery;	"";	"";	wallace beery
The Big Pond;	"";	"";	the big pond
Ronald Colman;	"";	"";	ronald colman
Bulldog Drummond (1929 film);	"";	"";	bulldog drummond
Condemned (1929 film);	"";	"";	condemned
Lawrence Tibbett;	"";	"";	lawrence tibbett
The Rogue Song;	"";	"";	the rogue song
Narcissus (plant);	"";	"";	''narcissus''
Erik Estrada;	"";	"";	erik estrada
Ferret;	mustela;	furo;	ferret
Zalman Schachter-Shalomi;	"";	no;	rabbi zalman schachter-shalomi
Magpie;	"";	"";	magpie
R. J. Reynolds Tobacco Company;	"";	"";	r. j. reynolds tobacco company
Nichiren Shōshū;	"";	"";	nichiren shōshū
Grease (musical);	"";	"";	grease
Sea turtle;	"";	"";	sea turtles
Thunderbolt (1910 film);	"";	"";	thunderbolt
Mason Jackson;	"";	"";	mason jackson
Karlu Karlu / Devils Marbles Conservation Reserve;	"";	"";	karlu karlu / devils marbles conservation reserve
Jacobus de Voragine;	"";	"";	blessed jacobus de voragine
Joseph Jacotot;	"";	"";	joseph jacotot
Joseph Marie Jacquard;	"";	"";	joseph marie jacquard
Countryside Alliance;	"";	"";	countryside alliance
Scottish Borders;	"";	"";	scottish borders<br />{{nobold
Moray;	"";	"";	moray<br />''{{lang
Norman Spinrad;	"";	"";	norman spinrad
1994 Group;	"";	"";	1994 group
Ribnitz-Damgarten;	"";	"";	ribnitz-damgarten
Soman;	"";	"";	soman
Lester Patrick Trophy;	"";	"";	lester patrick trophy
Cowboys from Hell;	"";	"";	cowboys from hell
Sonderkommando;	"";	"";	''sonderkommando''
Definitely Maybe;	"";	"";	definitely maybe
IBM Db2;	"";	"";	ibm db2 database
William Jacob Baer;	"";	"";	william jacob baer
Braniewo;	"";	"";	braniewo
Jens Baggesen;	"";	"";	jens baggesen
The Story of the Kelly Gang;	"";	"";	the story of the kelly gang
Pyotr Bagration;	"";	"";	pyotr ivanovich bagration
Nicéphore Niépce;	"";	"";	nicéphore niépce
Karl Friedrich Bahrdt;	"";	"";	karl friedrich bahrdt <!-- use common name/article title -->
Henry George;	"";	"";	henry george
University of Puerto Rico;	"";	"";	university of puerto rico
Bolsover Castle;	"";	"";	bolsover castle
Deirdre Gogarty;	"";	"";	deirdre gogarty
Aberdeen City Council;	"";	"";	aberdeen city council
Argyll and Bute;	"";	"";	argyll and bute<br />''{{lang
West Dunbartonshire;	"";	"";	west dunbartonshire
North Ayrshire;	"";	"";	north ayrshire
Ossie Ocasio;	"";	"";	ossie ocasio
East Ayrshire;	"";	"";	east ayrshire
South Ayrshire;	"";	"";	south ayrshire<br />''<small>{{lang
East Renfrewshire;	"";	"";	east renfrewshire<br />''aest renfrewshire<br />siorrachd rinn friù an ear''
South Lanarkshire;	"";	"";	south lanarkshire
Inverclyde;	"";	"";	inverclyde
Nathan Bailey;	"";	"";	nathan bailey}}
Philip James Bailey;	"";	"";	philip james bailey
Samuel Bailey;	"";	"";	samuel bailey
Vatnajökull;	"";	"";	vatnajökull
Langjökull;	"";	"";	langjökull
Abe Cunningham;	"";	"";	abe cunningham
Stephen Carpenter;	"";	"";	stephen carpenter
Spokane Valley, Washington;	"";	"";	spokane valley, washington
Frank Delgado (American musician);	"";	"";	frank delgado
County Laois;	"";	"";	county laois
Alamo Mission;	"";	"";	the alamo
Robert Baillie;	"";	"";	robert baillie
Jean Sylvain Bailly;	"";	"";	""
Doué-la-Fontaine;	"";	"";	doué-la-fontaine
Conlon Nancarrow;	"";	"";	conlon nancarrow
Montrichard;	"";	"";	montrichard
Provinces of Ireland;	"";	"";	irish provinces
Saint Anne;	"";	"";	anne
Joanna Baillie;	"";	"";	joanna baillie}}
Edward Hodges Baily;	"";	"";	edward hodges baily
Francis Baily;	"";	"";	francis baily
William Hellier Baily;	"";	"";	william hellier baily
Alexander Bain (philosopher);	"";	"";	alexander bain
Jackie Gleason;	"";	"";	jackie gleason}}
Gujarati language;	"";	"";	gujarati
Ethylene glycol;	"";	"";	""
Leprechaun;	"";	"";	leprechaun
Wikipedia:Manual of Style/Layout;	"";	"";	pluralheading
NCUBE;	"";	"";	ncube
Avitus;	"";	"";	avitus
San Giuliano di Puglia;	"";	"";	san giuliano di puglia
Tom McCall;	"";	"";	tom mccall
Nino Rota;	"";	"";	nino rota
The Breeders;	"";	"";	the breeders
Line 3 Scarborough;	"";	"";	line 3 scarborough
I Am the Walrus;	"";	"";	i am the walrus
Strawberry Fields Forever;	"";	"";	strawberry fields forever
Lucy in the Sky with Diamonds;	"";	"";	lucy in the sky with diamonds
Gerry Cooney;	"";	"";	gerry cooney
Yesterday (song);	"";	"";	yesterday
2112 (album);	"";	"";	2112
Rubén Rodríguez (basketball);	"";	"";	rubén rodríguez
File:StrangeLittleGirls.jpg;	"";	"";	strange little girls
File:CowboysFromHell.jpg;	"";	"";	cowboys from hell
Ostvorpommern;	"";	"";	ostvorpommern
Saint Mungo;	"";	"";	saint kentigern alias mungo
H. H. Kung;	"";	"";	h. h. kung
Lothian;	"";	"";	lothian
Andrew Geddes Bain;	"";	"";	andrew geddes bain<!-- deleting this line will use the article title as the page name. -->
John Bainbridge (astronomer);	"";	"";	john bainbridge
Vanden Plas (band);	"";	"";	vanden plas
William Bainbridge;	"";	"";	william bainbridge
Edward Baines (1774–1848);	"";	"";	edward baines
Gallic Wars;	"";	"";	"\"de bello gallico\" and other commentaries}}."
Henry Martyn Baird;	"";	"";	henry martyn baird
Johann Georg Baiter;	"";	"";	johann georg baiter
Robert Mundell;	"";	"";	robert mundell
Brian Friel;	"";	"";	brian friel
Jeff Wayne's Musical Version of The War of the Worlds;	"";	"";	jeff wayne's musical version of the war of the worlds
Synesius;	"";	"";	synesius of cyrene
Santa Claus Conquers the Martians;	"";	"";	santa claus conquers the martians
Take Off Your Pants and Jacket;	"";	"";	take off your pants and jacket
Enema of the State;	"";	"";	enema of the state
Adam's Song;	"";	"";	adam's song
First Date (Blink-182 song);	"";	"";	first date
The Rock Show;	"";	"";	the rock show
Stay Together for the Kids;	"";	"";	stay together for the kids
Real Sociedad;	"";	"";	[[álex remiro]]}}
Jean Froissart;	"";	"";	jean froissart
Journey (Journey album);	"";	"";	journey
John Vanbrugh;	"";	"";	john vanbrugh
Infinity (Journey album);	"";	"";	infinity
Look into the Future;	"";	"";	look into the future
Next (Journey album);	"";	"";	next
Michael Baius;	"";	"";	michael baius
Evolution (Journey album);	"";	"";	evolution
Departure (Journey album);	"";	"";	departure
Nevermind;	"";	"";	nevermind
Escape (Journey album);	"";	"";	escape
Frontiers (Journey album);	"";	"";	frontiers
Sarah Churchill, Duchess of Marlborough;	"";	"";	the duchess of marlborough
Captured (Journey album);	"";	"";	captured
Raised on Radio;	"";	"";	raised on radio
Walter Map;	"";	"";	walter map
InfiniBand;	"";	"";	infiniband trade association
George Thomas, 1st Viscount Tonypandy;	"";	"";	the viscount tonypandy
PCI Express;	"";	"";	pci express
Richard Baker (chronicler);	"";	"";	richard baker
Zeno of Elea;	"";	"";	zeno of elea
Samuel Baker;	"";	"";	samuel baker
Richard Carrión;	"";	"";	richard carrión
Anklam;	"";	no;	""
Uecker-Randow;	"";	"";	uecker-randow
Medical ultrasound;	"";	"";	medical ultrasound
Juan Ponce de León;	"";	"";	juan ponce de león
Egret;	"";	"";	egret
Harbin;	"";	"";	harbin
Ted Bundy;	"";	"";	ted bundy
Bethesda Softworks;	"";	"";	bethesda softworks llc
Singesar;	"";	"";	singesar
Skiffle;	"";	"";	skiffle
Senser;	"";	"";	senser
Matthias Ettrich;	"";	"";	matthias ettrich
Being for the Benefit of Mr. Kite!;	"";	"";	being for the benefit of mr. kite!
A Day in the Life;	"";	"";	a day in the life
Band Aid (band);	"";	"";	band aid
John Reed (journalist);	"";	"";	john reed
Province of Almería;	"";	"";	almería
Province of Granada;	"";	"";	granada
Province of Jaén (Spain);	"";	"";	provincia de jaén (españa)
Province of Córdoba (Spain);	"";	"";	córdoba
Province of Seville;	"";	"";	seville province
Province of Cádiz;	"";	"";	cádiz
Province of Huelva;	"";	"";	huelva
Province of Alicante;	"";	"";	alicante
Province of Castellón;	"";	"";	castellón
Province of Tarragona;	"";	"";	province of tarragona
Province of Lleida;	"";	"";	province of lleida
Province of Girona;	"";	"";	province of girona
Matchbox (brand);	"";	"";	matchbox
Province of Barcelona;	"";	"";	province of barcelona
Windows Notepad;	"";	"";	windows notepad
Paramahansa Yogananda;	"";	"";	paramahansa yogananda
Ellen McIlwaine;	"";	"";	ellen mcilwaine
Mrs Brown;	"";	"";	mrs brown
Indie rock;	"";	"";	indie rock
With a Little Help from My Friends;	"";	"";	with a little help from my friends
Indira Gandhi International Airport;	"";	"";	indira gandhi international airport
Cajemé;	"";	"";	cajemé<br>josé maría leyba
Province of Huesca;	"";	"";	huesca/uesca province
Province of Zaragoza;	"";	"";	province of zaragoza
Province of Teruel;	"";	"";	teruel province
Province of Cuenca;	"";	"";	cuenca
Province of Albacete;	"";	"";	albacete
Province of Ciudad Real;	"";	"";	province of ciudad real
East Dunbartonshire;	"";	"";	east dunbartonshire
Province of Toledo;	"";	"";	province of toledo
Province of Guadalajara;	"";	"";	guadalajara
Province of Ávila;	"";	"";	ávila
West Highland Way;	"";	"";	west highland way
North Lanarkshire;	"";	"";	north lanarkshire
Renfrewshire;	"";	"";	renfrewshire
West Lothian;	"";	"";	west lothian<br/>''{{lang
Politics of Edinburgh;	"";	"";	the city of edinburgh council<br />''ceitie o edinburgh cooncil<br />comhairle cathair dhùn eideann''
Pardaxin;	"";	"";	pardaxin
Green fluorescent protein;	"";	"";	green fluorescent protein
Poinsettia;	euphorbia;	pulcherrima;	""
Whiskey Rebellion;	"";	"";	whiskey point
Glasgow City Council;	"";	"";	glasgow city council
Perth and Kinross;	"";	no;	perth and kinross<br>''pairth an kinross<br>peairt agus ceann rois''
Henry Baker (naturalist);	"";	"";	henry baker
Adam Resnick;	"";	"";	adam resnick
Isle of Lewis;	"";	"";	lewis}}
The Wombles;	"";	"";	the wombles
Benjamin Baker (engineer);	"";	"";	benjamin baker
Thomas Baker (antiquarian);	"";	"";	baker, thomas}}</ref> lord crew, bishop of durham, collated him to the rectory of long newton in his diocese in 1687, and intended to give him that of [[sedgefield]] with a prebend had not baker incurred his displeasure by refusing to read [[james ii of england
Valentine Baker;	"";	"";	valentine baker
Pietro Bembo;	"";	"";	pietro bembo
Víctor Balaguer i Cirera;	"";	"";	víctor balaguer
Province of Salamanca;	"";	"";	salamanca
Province of Valladolid;	"";	"";	valladolid
Province of Zamora;	"";	"";	zamora
Squawk (album);	"";	"";	squawk
Orontes River;	"";	"";	orontes
Budgie (album);	"";	"";	budgie
Province of León;	"";	"";	león
Rosemary's Baby (novel);	"";	"";	rosemary's baby
If I Were Brittania I'd Waive the Rules;	"";	"";	if i were brittania i'd waive the rules
Province of Palencia;	"";	"";	palencia
Province of Burgos;	"";	"";	burgos
Province of Soria;	"";	"";	soria
Province of Segovia;	"";	"";	segovia
Province of Badajoz;	"";	"";	badajoz
Cáceres, Spain;	"";	"";	cáceres
Province of Cáceres;	"";	"";	cáceres
Province of A Coruña;	"";	"";	a coruña
Province of Lugo;	"";	"";	lugo
Province of Ourense;	"";	"";	ourense/orense
Province of Pontevedra;	"";	"";	pontevedra
Province of Las Palmas;	"";	"";	las palmas
Province of Santa Cruz de Tenerife;	"";	"";	santa cruz de tenerife
Thomas Hearns;	"";	"";	thomas hearns
Prospero;	"";	"";	prospero
IBM 650;	"";	"";	ibm 650
Charles Barry;	"";	"";	{{small
Milton Abbey School;	"";	"";	milton abbey school
William Chambers (architect);	"";	"";	sir william chambers
Selby Abbey;	"";	"";	selby abbey
Tera Patrick;	"";	"";	tera patrick
Cesare Balbo;	"";	"";	cesare balbo
Jaroslav Heyrovský;	"";	"";	jaroslav heyrovský
Ardennes;	"";	"";	ardennes
Lodestar (band);	"";	"";	lodestar
Mily Balakirev;	"";	"";	mily balakirev
Alsergrund;	"";	"";	alsergrund
Violent Femmes;	"";	"";	violent femmes
Powys;	"";	"";	powys
Albert II of Belgium;	"";	"";	albert ii
Lake District;	"";	"";	lake district national park
Ira Levin;	"";	"";	ira levin
Ebeltoft;	"";	"";	ebeltoft
Hawke's Bay;	"";	"";	hawke's bay
Dagenham;	"";	"";	blackburne, abraham}}</ref>
Abraham ibn Ezra;	"";	"";	abraham ibn ezra <br/>{{script/hebrew
Jonathan Archer;	"";	human;	jonathan archer
Horrendous Disc;	"";	"";	horrendous disc
¡Alarma! (album);	"";	"";	¡alarma!
Doppelgänger;	"";	"";	nb
The Fifth Element;	"";	"";	the fifth element
Three to Tango;	"";	"";	three to tango
Fools Rush In (1997 film);	"";	"";	fools rush in
This Perfect Day;	"";	"";	this perfect day
The Boys from Brazil (novel);	"";	"";	the boys from brazil
The Boys from Brazil (film);	"";	"";	the boys from brazil
A Descent into the Maelström;	"";	"";	a descent into the maelström
Mr. Buechner's Dream;	"";	"";	mr. buechner's dream
Interpunct;	"";	"";	multiplication dot
Space (punctuation);	"";	"";	space
Moselle;	"";	"";	moselle
Sailor Venus;	"";	"";	sailor venus
Albert Ballin;	"";	"";	albert ballin
Xiamen;	"";	"";	xiamen
Jun Tsuji;	"";	"";	tsuji jun
SpaceCamp;	"";	"";	spacecamp
Humber;	"";	"";	humber
Reindeer;	"";	"";	reindeer<br />(caribou)
Southern Ndebele language;	"";	"";	southern ndebele
Daniel Quinn;	"";	"";	daniel clarence quinn
Katherine Pulaski;	"";	human;	katherine pulaski
Alphaville (film);	"";	"";	alphaville
Aventura (band);	"";	"";	aventura
Ænima;	"";	"";	ænima
Eddie Izzard;	"";	"";	eddie izzard
Sudan Peace Act;	"";	"";	sudan peace act
Genocide Convention;	"";	"";	genocide convention
Instrumental rock;	"";	"";	instrumental rock
Zaphod Beeblebrox;	"";	betelgeusian;	zaphod beeblebrox
Bernardino Baldi;	"";	"";	""
Ernst Gottfried Baldinger;	"";	"";	ernst gottfried baldinger
Coat of arms of Canada;	"";	"";	arms of his majesty the king in right of canada<br/>{{smaller
Ja Rule;	"";	"";	ja rule
Kish (Sumer);	"";	"";	kish
Nuno Álvares Pereira;	"";	"";	nuno álvares pereira
Samson Raphael Hirsch;	"";	"";	samson raphael hirsch
Samuel Holdheim;	"";	"";	samuel holdheim
Dean Barkley;	"";	"";	dean barkley
Emilio Aguinaldo;	"";	"";	emilio aguinaldo
Lonnie Donegan;	"";	"";	lonnie donegan
Trent Reznor;	"";	no;	trent reznor
Alice Liddell;	"";	"";	alice liddell
Wolf Vostell;	"";	"";	wolf vostell
North York Moors;	"";	"";	north york moors national park
Sliver (novel);	"";	"";	sliver
Regulatory takings in the United States;	"";	"";	"pennsylvania coal co. v. mahon}}.</ref> before the court, was a pennsylvanian law that forbade all mining under inhabited land. the court held this law to be a taking of the coal owned by the pennsylvania coal company.<ref name=\":0\" />"
Sir Henry Rawlinson, 1st Baronet;	"";	"";	henry rawlinson
County Tipperary;	"";	"";	county tipperary
George Rawlinson;	"";	"";	george rawlinson
Stuart Hamm;	"";	"";	stuart hamm
Lucius Verus;	"";	"";	lucius verus
H. R. Haldeman;	"";	"";	bob haldeman
MacTaggart;	"";	"";	mactaggart
Academy Juvenile Award;	"";	"";	academy juvenile award
Penstemon;	"";	"";	fn1}} – jones' penstemon
List of programming languages by type;	"";	"";	submodels
Miscarriage;	"";	"";	miscarriage
Kevin Costner;	"";	"";	kevin costner
Guardians of the Universe;	"";	oans;	""
Darn Floor-Big Bite;	"";	"";	darn floor - big bite
Tunis–Carthage International Airport;	"";	"";	tunis–carthage international airport
Conspiracy Theory (film);	"";	"";	conspiracy theory
Philip the Arab;	"";	"";	philip i
Aunt May;	"";	human;	""
Gwen Stacy;	"";	[[human]];	""
Christina Aguilera;	"";	no;	christina aguilera
UNIVAC;	"";	"";	univac
Sai Baba of Shirdi;	"";	"";	sai baba
Sathya Sai Baba;	"";	"";	sathya sai baba
Wye Valley Walk;	"";	"";	wye valley walk
Weavers' Way;	"";	"";	weavers' way
Koko (gorilla);	"";	[[western gorilla]];	koko
Norfolk Coast Path;	"";	"";	norfolk coast path
Steve Allen;	"";	"";	steve allen
Peddars Way;	"";	"";	peddars way
Marriott's Way;	"";	"";	marriott's way
Technical University of Denmark;	"";	"";	technical university of denmark
Kenny Baker (English actor);	"";	"";	kenny baker
Carmen Dominicci;	"";	"";	carmen dominicci
Yerba Buena Island;	"";	"";	yerba buena island<!-- at least one of the first two fields must be filled in -->
Chris Farley;	"";	"";	chris farley
Pierre Louis Dulong;	"";	"";	pierre louis dulong
Firth of Clyde;	"";	"";	firth of clyde
Molar mass;	"";	"";	molar mass
Moffett Federal Airfield;	"";	"";	moffett federal airfield
Anton Peterlin (physicist);	"";	"";	anton peterlin
Galten Municipality;	"";	"";	galten municipality
Hadsten;	"";	"";	hadsten
Hinnerup;	"";	"";	hinnerup
Hammel;	"";	"";	hammel
Hørning;	"";	"";	hørning
Langå;	"";	"";	langå
Mariager;	"";	"";	mariager
Odder;	"";	"";	odder
Samsø;	"";	"";	samsø
Silkeborg;	"";	"";	silkeborg
Skanderborg;	"";	"";	skanderborg
Them, Denmark;	"";	"";	them
Ertholmene;	"";	"";	ertholmene
Allerød Municipality;	"";	"";	allerød municipality
Frederikssund Municipality;	"";	"";	frederikssund municipality
Frederiksværk;	"";	"";	frederiksværk
Hillerød Municipality;	"";	"";	hillerød municipality
Hørsholm Municipality;	"";	"";	hørsholm municipality
Hundested;	"";	"";	hundested
Jægerspris;	"";	"";	jægerspris
Ølstykke Municipality;	"";	"";	ølstykke
Skibby;	"";	"";	skibby
Slangerup;	"";	"";	slangerup
Skævinge;	"";	"";	skævinge
Funen County;	"";	"";	funen county
Aarup;	"";	"";	aarup
Assens, Denmark;	"";	"";	assens
Årslev;	"";	"";	årslev
Glamsbjerg;	"";	"";	glamsbjerg
Gudme;	"";	"";	gudme
Haarby;	"";	"";	haarby
Langeskov;	"";	"";	langeskov
Marstal;	"";	"";	marstal
Munkebo;	"";	"";	munkebo
Rudkøbing;	"";	"";	rudkøbing
Ryslinge;	"";	"";	ryslinge
Sydlangeland Municipality;	"";	"";	sydlangeland municipality
Tommerup;	"";	"";	tommerup
Vissenbjerg;	"";	"";	vissenbjerg
Province of Benevento;	"";	"";	province of benevento
Nero Wolfe;	"";	no;	nero wolfe
Edlingham Castle;	"";	"";	edlingham castle
Jonathan Pryce;	"";	"";	jonathan pryce
Justice Society of America;	"";	"";	justice society of america
Qaed Salim Sinan al-Harethi;	"";	"";	qaed salim sinan al-harethi
Rex Stout;	"";	no;	rex stout
Archie Goodwin (character);	"";	"";	archie goodwin
Amberjack;	''[[seriola]]'';	"";	amberjack
Alabama Hills;	"";	"";	alabama hills
Greg Howe;	"";	"";	greg howe
Charles Sheffield;	"";	"";	charles  sheffield
The Santa Clause;	"";	"";	the santa clause
Jean Nicot;	"";	"";	jean nicot
Baldwin I, Latin Emperor;	"";	"";	baldwin i
Germaine Tailleferre;	"";	"";	germaine tailleferre
Carl Wilhelm Wirtz;	"";	"";	carl wilhelm wirtz
Observatory of Strasbourg;	"";	"";	observatory of strasbourg
Baldwin I of Jerusalem;	"";	"";	baldwin i
Uncle Ben;	"";	human;	""
S Club;	"";	"";	s club
Lady Ottoline Morrell;	"";	"";	lady ottoline morrell
Beverley;	"";	"";	population
Beverley Minster;	"";	"";	beverley minster
Robert Bridges;	"";	"";	robert bridges
Hubert Parry;	"";	"";	parry, charles hubert hastings}}</ref> subsequently, he wrote music for oxford productions of [[aristophanes]]: ''[[the frogs]]'' (1892), ''[[the clouds]]'' (1905) and ''[[the acharnians]]'' (1914). he had also provided elaborate incidental music for a west end production by [[herbert beerbohm tree
John Rae (explorer);	"";	"";	john rae
Bellapais;	"";	"";	bellapais
Georges Auric;	"";	"";	georges auric
David Bossie;	"";	"";	david bossie
Citizens United (organization);	"";	"";	citizens united
Austen Henry Layard;	"";	"";	sir austen henry layard
Lytton Strachey;	"";	"";	lytton strachey
Lee–Enfield;	"";	"";	lee–enfield
Edwin Arnold;	"";	"";	edwin arnold
Hormuzd Rassam;	"";	"";	hormuzd rassam<br />ܗܪܡܙܕ ܪܣܐܡ
Lagash;	"";	"";	lagash
Giza;	"";	"";	giza
Bob Mills (comedian);	"";	"";	bob mills
Ramesses III;	"";	"";	ramesses iii
Sub Pop;	"";	"";	sub pop
Georges Guibourg;	"";	"";	georges guibourg
José Torres;	"";	"";	josé torres
Frith;	"";	"";	anglo-saxon paganism
María de Lourdes Santiago;	"";	"";	maría de lourdes santiago negrón
Information warfare;	"";	"";	gerasimovkilled
Firth of Forth;	"";	"";	firth of forth
Forth Road Bridge;	"";	"";	forth road bridge
French National Centre for Scientific Research;	"";	"";	{{lang
Psychological warfare;	"";	"";	psychological warfare
Lol Coxhill;	"";	"";	lol coxhill
After the Thin Man;	"";	"";	after the thin man
Another Thin Man;	"";	"";	another thin man
Antonio Margheriti;	"";	"";	antonio margheriti
MAN SE;	"";	"";	man se
Icelandic Sheepdog;	"";	"";	icelandic sheepdog
Westland (municipality), Netherlands;	"";	"";	westland
John Fowler (politician);	"";	"";	john fowler
Thomas Bouch;	"";	"";	sir thomas bouch
Baldwin II, Latin Emperor;	"";	"";	baldwin ii
Baldwin III of Jerusalem;	"";	"";	baldwin iii
Baldwin IV of Jerusalem;	"";	"";	baldwin iv
The Murders in the Rue Morgue;	"";	no;	the murders in the rue morgue
Baldwin V of Jerusalem;	"";	"";	baldwin v
The Purloined Letter;	"";	"";	the purloined letter
No such thing as a free lunch;	"";	"";	american notes by rudyard kipling}}</ref></blockquote>
Minoa;	"";	"";	minoa
Sidonius Apollinaris;	"";	"";	sidonius apollinaris
Harry Clarke;	"";	"";	harry clarke
Domingo Ugartechea;	"";	"";	domingo de ugartechea}}. accessed june 1, 2005.
Martín Perfecto de Cos;	"";	"";	martín perfecto de cos
SAT;	"";	"";	sat-subj
Water of Leith;	"";	"";	water of leith
French Canadians;	"";	"";	"\"population\""
Inchcolm Abbey;	"";	"";	inchcolm abbey
Claudian;	"";	"";	claudian
Succotash;	"";	"";	succotash
Cucurbita;	"";	"";	squash
Lancaster Canal;	"";	"";	lancaster canal
A Free Soul;	"";	"";	a free soul
Adolphe Menjou;	"";	"";	adolphe menjou
Jackie Cooper;	"";	"";	jackie cooper
Richard Dix;	"";	"";	richard dix
The Royal Family of Broadway;	"";	"";	the royal family of broadway
Dr. Jekyll and Mr. Hyde (1931 film);	"";	"";	dr. jekyll and mr. hyde
Alfred Lunt;	"";	"";	alfred lunt
Hefei;	"";	"";	hefei
The Guardsman;	"";	"";	the guardsman
EDonkey2000;	"";	"";	edonkey2000
Russian Blue;	"";	"";	russian blue
Shadow of the Thin Man;	"";	"";	shadow of the thin man
Tucson International Airport;	"";	"";	tucson international airport
Brandy Norwood;	"";	"";	brandy
Basiliscus;	"";	"";	basiliscus
Jovian (emperor);	"";	"";	jovian
Song of the Thin Man;	"";	"";	song of the thin man
Steve McQueen;	"";	"";	steve mcqueen
The Thin Man Goes Home;	"";	"";	the thin man goes home
I Love Lucy;	"";	"";	"\"episodes\""
Carol Haney;	"";	"";	carol haney
Manuel I of Portugal;	"";	"";	manuel i
Bill Mollison;	"";	"";	bill mollison
River Axe (Lyme Bay);	"";	"";	river axe
Sinéad O'Connor;	"";	"";	sinéad o'connor
River Ant;	"";	"";	ant
Dashiell Hammett;	"";	"";	dashiell hammett
International Treaty on Plant Genetic Resources for Food and Agriculture;	"";	"";	plant treaty
Pinkerton (detective agency);	"";	"";	pinkerton
Euronat;	"";	"";	euronat
Nick and Nora Charles;	"";	"";	nick and nora charles
John P. Marquand;	"";	"";	john phillips marquand}}
Margaret Booth;	"";	"";	margaret booth
Tendon;	"";	"";	tendon
Mr. Moto;	"";	"";	mr. moto
Apache Subversion;	"";	"";	subversion
Charlie Chan;	"";	"";	charlie chan
Earl Derr Biggers;	"";	"";	earl derr biggers
North Walsham & Dilham Canal;	"";	"";	north walsham and dilham canal
Erle Stanley Gardner;	"";	"";	erle stanley gardner
Mike Hammer (character);	"";	"";	mike hammer
Mickey Spillane;	"";	"";	mickey spillane
Glynis Johns;	"";	no;	""
Joan Greenwood;	"";	"";	joan greenwood
Capitoline Hill;	"";	"";	capitoline hill
Bally Astrocade;	"";	"";	bally astrocade
Sandy Spring, Maryland;	"";	"";	sandy spring
Chevy Chase, Maryland;	"";	"";	chevy chase, maryland
James Mark Baldwin;	"";	"";	james mark baldwin}}
Jackie Chan;	"";	"";	jackie chan
HMS Enterprise;	"";	"";	honours
Simon Rattle;	"";	"";	simon rattle
Altair 8800;	"";	"";	mits altair 8800
Robert Baldwin;	"";	"";	robert baldwin
John Bale;	"";	"";	john bale
Song Jiaoren;	"";	"";	song jiaoren<br />宋敎仁
Flag of Japan;	"";	"";	japan
Peter Bales;	"";	"";	peter bales
Inverness;	"";	"";	inverness
Salunga, Pennsylvania;	"";	"";	salunga, pennsylvania
Leola, Pennsylvania;	"";	"";	leola, pennsylvania
Landisville, Pennsylvania;	"";	"";	landisville, pennsylvania
Meteora;	"";	"";	meteora
EFL Cup;	"";	"";	efl cup
SuperCupNI;	"";	"";	supercupni
Haddiscoe Cut;	"";	"";	haddiscoe cut
River Yare;	"";	"";	yare
Jeannette Rankin;	"";	"";	jeannette rankin
Theodore of Tarsus;	"";	"";	theodore of tarsus
Honey possum;	tarsipes;	rostratus;	"honey possum<ref name=\"msw3\" />"
Frank Morgan;	"";	"";	frank morgan
The Affairs of Cellini;	"";	"";	the affairs of cellini
Paul Broca;	"";	"";	paul broca
Germantown, Maryland;	"";	"";	germantown, maryland
Germantown, Anne Arundel County, Maryland;	"";	"";	germantown, anne arundel county
Germantown, Baltimore County, Maryland;	"";	"";	germantown, maryland
Franchot Tone;	"";	"";	franchot tone
Walter Huston;	"";	"";	walter huston
Gulf of California;	"";	"";	gulf of california
World Cotton Centennial;	"";	"";	world cotton centennial
Dalmatian language;	"";	"";	dalmatian
Blacksmith;	"";	no;	blacksmith
XML Metadata Interchange;	"";	"";	xmi
The Twelve Apostles (Victoria);	"";	"";	the twelve apostles
Salinas, Puerto Rico;	"";	"";	salinas
Emanuel Steward;	"";	"";	emanuel steward
Melba Gully State Park;	"";	"";	melba gully state park
Turov, Belarus;	"";	"";	turov
Giovanni Schiaparelli;	"";	"";	giovanni schiaparelli
Ionic Greek;	"";	"";	ionic greek
Back Orifice 2000;	"";	"";	back orifice 2000
Woburn Abbey;	"";	"";	woburn abbey
Legion of Doom;	"";	"";	legion of doom
Blickling Hall;	"";	"";	blickling estate
Aeshna isoceles;	"";	"";	green-eyed hawker
River Thurne;	"";	"";	thurne
Masaaki Hatsumi;	"";	"";	masaaki hatsumi
Brad Fitzpatrick;	"";	"";	brad fitzpatrick
University of Dublin;	"";	"";	university of dublin
Aurich (district);	"";	"";	aurich
East Frisian Islands;	"";	"";	east frisian islands
Aranjuez;	"";	"";	aranjuez
Pernilla Wiberg;	"";	"";	pernilla wiberg
The Book of Healing;	"";	"";	the book of healing
Marmalade;	"";	"";	marmalade
Ocarina;	"";	"";	ocarina
Yves Saint Laurent (designer);	"";	"";	yves saint laurent
Gloucester Cathedral;	"";	"";	gloucester cathedral
The Canon of Medicine;	"";	"";	the canon of medicine
Fozzie Bear;	"";	muppet [[brown bear;	fozzie bear
Swarthmore College;	"";	"";	swarthmore college
Batman, Turkey;	"";	"";	batman
Batman River;	"";	"";	batman river
Spectre (DC Comics character);	"";	[[ghost]];	""
Edgar Faure;	"";	"";	edgar faure
.177 caliber;	"";	"";	.177 caliber
Wittmund (district);	"";	"";	wittmund
Ems (river);	"";	"";	ems
Mount Royal;	"";	"";	mount royal
Luxeuil-les-Bains;	"";	"";	luxeuil-les-bains
Famagusta;	"";	"";	famagusta
Benedict Biscop;	"";	"";	saint benedict biscop<br>biscop baducing
Roche Abbey;	"";	"";	""
Robert Raikes;	"";	"";	robert raikes
Howell Harris;	"";	"";	howell harris
Wartburg;	"";	"";	wartburg castle
Ecgfrith of Northumbria;	"";	"";	ecgfrith
Fenwick Williams;	"";	"";	fenwick williams
Æthelred of Mercia;	"";	"";	æthelred
Subrahmanyan Chandrasekhar;	"";	"";	subrahmanyan chandrasekhar
Isabelle Huppert;	"";	"";	isabelle huppert
Wulfhere of Mercia;	"";	"";	wulfhere
Roma, Queensland;	"";	"";	roma
Marlene Dietrich;	"";	"";	marlene dietrich
Penda of Mercia;	"";	"";	penda
Pancho Villa;	"";	"";	pancho villa
Scapa Flow;	"";	"";	ub 116
Oran;	"";	"";	}}
A Hunger Artist;	"";	"";	a hunger artist
Star Trek V: The Final Frontier;	"";	"";	star trek v: the final frontier
Nichelle Nichols;	"";	"";	nichelle nichols
Bob Newhart;	"";	"";	bob newhart
Santos Laciar;	"";	"";	santos laciar
Salt Lake Bees;	"";	"";	salt lake bees
Laila Ali;	"";	"";	laila ali
Sarek;	"";	[[vulcan (star trek);	""
Joe Biden;	"";	"";	joseph r. biden
National Autonomous University of Mexico;	"";	"";	national autonomous university of mexico
The Tale of Genji;	"";	"";	''the tale of genji''
Amadís de Gaula;	"";	"";	""
Guy of Lusignan;	"";	"";	guy
Network Rail;	"";	"";	network rail limited
The Umbrellas of Cherbourg;	"";	"";	the umbrellas of cherbourg
Liberty Bell;	"";	"";	liberty bell
Selwyn College, Cambridge;	"";	"";	selwyn college
Axel Munthe;	"";	"";	axel munthe}}
Greg Howe (album);	"";	"";	greg howe
Franco Columbu;	"";	"";	franco columbu
TIFF;	"";	"";	tiff
Encapsulated PostScript;	"";	"";	encapsulated postscript
OO gauge;	"";	"";	oo gauge
Copenhagen County;	"";	"";	copenhagen county
Albertslund Municipality;	"";	"";	albertslund municipality
Ballerup Municipality;	"";	"";	ballerup municipality
Brøndby Municipality;	"";	"";	brøndby municipality
Dragør Municipality;	"";	"";	dragør municipality
Gentofte Municipality;	"";	"";	gentofte municipality
Glostrup Municipality;	"";	"";	glostrup municipality
Gladsaxe Municipality;	"";	"";	gladsaxe municipality
Herlev Municipality;	"";	"";	herlev municipality
Høje-Taastrup Municipality;	"";	"";	høje-taastrup municipality
Hvidovre Municipality;	"";	"";	hvidovre municipality
Ishøj Municipality;	"";	"";	ishøj municipality
Lyngby-Taarbæk Municipality;	"";	"";	lyngby-taarbæk municipality
Rødovre Municipality;	"";	"";	rødovre municipality
Tårnby Municipality;	"";	"";	tårnby municipality
Vallensbæk Municipality;	"";	"";	vallensbæk municipality
Chysauster Ancient Village;	"";	"";	chysauster
Soju;	"";	"";	{{lang
Mike Shinoda;	"";	"";	mike shinoda
Brad Delson;	"";	"";	brad delson
Aldus Corporation;	"";	"";	aldus corporation
Barry Zito;	"";	"";	barry zito
Kenya Airways;	"";	"";	kenya airways official website}}
Richard Dixon Oldham;	"";	"";	richard dixon oldham
DEF CON;	"";	"";	<!--uses page name if omitted-->
Dalida;	"";	no;	dalida
River Chet;	"";	"";	chet
River Wensum;	"";	"";	wensum
Hercules Graphics Card;	"";	"";	hercules graphics card
Chumbawamba;	"";	"";	chumbawamba
River Tyne;	"";	"";	river tyne
The Face Behind the Mask (1941 film);	"";	"";	the face behind the mask
Chris Tarrant;	"";	"";	chris tarrant
Ludwigshafen;	"";	"";	ludwigshafen am rhein
Night Must Fall;	"";	"";	night must fall
Angels with Dirty Faces;	"";	"";	angels with dirty faces
Babes in Arms;	"";	"";	babes in arms
Raymond Massey;	"";	"";	raymond massey
Master and Commander;	"";	"";	master and commander
Abe Lincoln in Illinois (film);	"";	"";	abe lincoln in illinois
GNOME Evolution;	"";	"";	gnome
Penny Serenade;	"";	"";	penny serenade
The Devil and Daniel Webster;	"";	"";	the devil and daniel webster
The Gospel According to St. Matthew (film);	"";	"";	the gospel according to matthew
Wentworth Woodhouse;	"";	"";	wentworth woodhouse
Walter Pidgeon;	"";	"";	walter pidgeon
Paul Lukas;	"";	"";	paul lukas
Barry Fitzgerald;	"";	"";	barry fitzgerald
None but the Lonely Heart (film);	"";	"";	none but the lonely heart
Alexander Knox;	"";	"";	alexander knox
Celebrimbor;	"";	"";	celebrimbor
Elendil;	"";	"";	elendil
Bowling for Columbine;	"";	"";	bowling for columbine
Stata Center;	"";	"";	ray and maria stata center
Manx cat;	"";	"";	manx
Cymric cat;	"";	"";	cymric
Autobiographical novel;	"";	"";	proust}}
Scottish Fold;	"";	"";	scottish fold
Gondwana (India);	"";	"";	gondwana
Laurasia;	"";	"";	laurasia
Jean-Baptiste Lamarck;	"";	"";	jean-baptiste lamarck
Bruce C. Heezen;	"";	"";	bruce charles heezen
Melun;	"";	"";	melun
Les Paul;	"";	"";	les paul
Aabybro Municipality;	"";	"";	aabybro municipality
Aars;	"";	"";	aars
Brønderslev;	"";	"";	brønderslev
Brovst;	"";	"";	brovst
Dronninglund;	"";	"";	dronninglund
Farsø;	"";	"";	farsø
Fjerritslev;	"";	"";	fjerritslev
Frederikshavn;	"";	"";	frederikshavn
Hadsund;	"";	"";	hadsund
Hjørring Municipality;	"";	"";	hjørring municipality
Hobro;	"";	"";	hobro
Læsø;	"";	"";	læsø
Løgstør;	"";	"";	løgstør
Løkken-Vrå;	"";	"";	løkken-vrå municipality
Nibe;	"";	"";	nibe
Nørager;	"";	"";	nørager
Pandrup;	"";	"";	pandrup
Sæby;	"";	"";	sæby
Skagen;	"";	"";	skagen
Sindal;	"";	"";	sindal
Skørping;	"";	"";	skørping
Støvring;	"";	"";	støvring
List of lighthouses in the United States;	"";	"";	isles of shoals light}}</small>
List of lighthouses in England;	"";	"";	nutth
Longships Lighthouse;	"";	"";	longships lighthouse
Southwold Lighthouse;	"";	"";	southwold lighthouse
Lightvessel;	"";	"";	gb}} german bight (''gb'' in charts and notices, ''g—b'' on vessels)<ref>{{cite web
Munchkin cat;	"";	"";	munchkin
Ocicat;	"";	"";	ocicat
The Great Divide (Scott Stapp album);	"";	"";	the great divide
Bertrand Blier;	"";	"";	bertrand blier
David Stevenson (engineer);	"";	"";	david stevenson
David Stephenson (rugby league, born 1972);	"";	"";	david stephenson
Chris Dickerson (bodybuilder);	"";	"";	chris dickerson
List of lighthouses in Ireland;	"";	"";	aleria}}
Susan Blackmore;	"";	"";	susan blackmore
Adam Hart-Davis;	"";	"";	adam hart-davis
Rupert Hart-Davis;	"";	"";	rupert hart-davis
Coenwulf of Mercia;	"";	"";	coenwulf
Peter Fleming (writer);	"";	"";	peter fleming
Æthelfrith;	"";	"";	æthelfrith
Julian Huxley;	"";	"";	julian huxley
Leonard Huxley (writer);	"";	"";	leonard huxley
Lanfranc;	"";	"";	lanfranc
Joseph Losey;	"";	"";	joseph losey
Ine of Wessex;	"";	"";	ine
Cynewulf of Wessex;	"";	"";	cynewulf
Heads of Diplomatic Missions of the United Kingdom;	"";	"";	the gambia}}
Æthelnoth (archbishop of Canterbury);	"";	"";	æthelnoth
Margaret Brown;	"";	"";	margaret brown
Stigand;	"";	"";	stigand
Het Loo Palace;	"";	"";	paleis het loo
Michael William Balfe;	"";	"";	michael william balfe}}
Princess Margaret of Connaught;	"";	"";	margaret of connaught
Michel Legrand;	"";	"";	michel legrand
28 Days Later;	"";	"";	28 days later
Apache License;	"";	"";	apache license
Acme (text editor);	"";	"";	acme
The Dove (1927 film);	"";	"";	the dove
Arthur Balfour;	"";	"";	the earl of balfour
Guy Verhofstadt;	"";	"";	guy verhofstadt
Dorothea Jordan;	"";	"";	dorothea jordan
Libbie Hyman;	"";	"";	libbie henrietta hyman
Firth of Tay;	"";	"";	firth of tay
Ewenny Priory;	"";	"";	ewenny priory
Newstead Abbey;	"";	"";	newstead abbey
Lacock Abbey;	"";	"";	""
Lascelles Abercrombie;	"";	"";	lascelles abercrombie
John Drinkwater (playwright);	"";	"";	john drinkwater
Federal District (Brazil);	"";	"";	federal district
Rough Riders;	"";	"";	the rough riders}}
Anápolis;	"";	"";	anápolis, goiás
Jonathan (name);	"";	"";	jonathan
Highway 61 Revisited;	"";	"";	highway 61 revisited
Stewiacke;	"";	"";	stewiacke}}</ref>
Creedence Clearwater Revival;	"";	"";	creedence clearwater revival
Amygdala;	"";	"";	amygdala
Pet Sounds;	"";	"";	pet sounds
Dust Brothers;	"";	"";	dust brothers
International Meridian Conference;	"";	"";	""
Gabriel Yared;	"";	"";	gabriel yared
The Stooges;	"";	"";	the stooges
Patience (poem);	"";	"";	''patience''
The Luck of Barry Lyndon;	"";	"";	the luck of barry lyndon
Himalayan cat;	"";	"";	himalayan
Official Irish Republican Army;	"";	"";	official irish republican army<br />(''óglaigh na héireann'')
John Redcorn;	"";	"";	john redcorn iii
Devon Rex;	"";	"";	devon rex
MC5;	"";	"";	mc5
Richard Bong State Recreation Area;	"";	"";	richard bong state recreation area
Birman;	"";	"";	birman
Dave Gahan;	"";	"";	dave gahan
Pili multigemini;	"";	"";	pili multigemini
Sam Phillips (musician);	"";	"";	sam phillips
Bob Crane;	"";	"";	bob crane}}
Empire of the Sun (film);	"";	"";	empire of the sun
University of New South Wales;	"";	"";	university of new south wales
Vandalic language;	"";	"";	vandalic
Desolation Row;	"";	"";	desolation row
Danica McKellar;	"";	"";	danica mckellar
Neptune (mythology);	"";	"";	neptune
Zhu Rongji;	"";	"";	zhu rongji
Francis Maitland Balfour;	"";	"";	f. m. balfour
Gaius Suetonius Paulinus;	"";	"";	gaius suetonius paulinus
Lycian Way;	"";	"";	lycian way
Tooth fairy;	"";	no}};	""
Washington Metro;	"";	"";	washington metro
Nas;	"";	"";	nas
German submarine U-505;	"";	"";	''u-505'' (ixc u-boat)
Albert David;	"";	"";	albert leroy david
Hugo Spadafora;	"";	"";	hugo spadafora franco
The End of Eternity;	"";	"";	the end of eternity
Merlin Santana;	"";	"";	merlin santana
Eduard Suess;	"";	"";	eduard suess
Bill & Melinda Gates Foundation;	"";	"";	bill & melinda gates foundation
Sugar Ray Robinson;	"";	"";	sugar ray robinson
John Pilger;	"";	"";	john pilger
Brook Kerr;	"";	"";	brook kerr
William Osler;	"";	"";	sir william osler
Gouda cheese;	"";	"";	gouda cheese
Crystal McKellar;	"";	"";	crystal mckellar
Close Encounters of the Third Kind;	"";	"";	close encounters<br />of the third kind
Osprey;	pandion;	haliaetus;	""
Oval tube station;	"";	"";	oval
Marrakesh Menara Airport;	"";	"";	marrakesh menara airport
Chisholm v. Georgia;	"";	"";	chisholm v. georgia
Historia Brittonum;	"";	"";	koch-anon
Milliken v. Bradley;	"";	"";	milliken v. bradley
Civil Rights Cases;	"";	"";	jones v. alfred h. mayer co.
Munn v. Illinois;	"";	"";	munn v. illinois
University of Notre Dame;	"";	"";	university of notre dame
McCulloch v. Maryland;	"";	"";	''mcculloch v. maryland'' (1977)}}
Dartmouth College v. Woodward;	"";	"";	dartmouth college v. woodward
Cohens v. Virginia;	"";	"";	cohens v. virginia
Gibbons v. Ogden;	"";	"";	gibbons v. ogden
Ex parte Milligan;	"";	"";	ex parte milligan
Charles River;	"";	"";	charles river
Kristina Lugn;	"";	"";	kristina lugn
Shock (circulatory);	"";	"";	shock
Enhanced 9-1-1;	"";	"";	john mcafee
Constance (given name);	"";	"";	constance
Edmund Barton;	"";	"";	sir edmund barton gcmg (1849–1920)
Kōtoku Shūsui;	"";	"";	kōtoku shūsui
Advanced cardiac life support;	"";	"";	advanced cardiac life support
Bomb disposal;	"";	"";	big picture: explosive ordnance disposal (e.o.d.)}}
Defibrillation;	"";	"";	defibrillation
Cabinet Office Briefing Rooms;	"";	"";	cabinet office briefing rooms
Mouth-to-mouth resuscitation;	"";	"";	mouth-to-mouth resuscitation
Tracheal intubation;	"";	"";	tracheal intubation
Icelandic króna;	"";	"";	icelandic krona
AC Cars;	"";	"";	ac cars (eu) ltd
Whitehall;	"";	"";	whitehall
Rsync;	"";	"";	rsync
Fusarium patch;	''[[monographella]]'';	'''''m. nivalis'' var. ''nivalis''''';	''monographella nivalis'' var. ''nivalis''
Scandal;	"";	no;	""
Billund Municipality;	"";	"";	billund municipality
Brørup;	"";	"";	brørup
Esbjerg Municipality;	"";	"";	esbjerg municipality
Fanø;	"";	"";	fanø
Varde Municipality;	"";	"";	varde municipality
Vejen Municipality;	"";	"";	vejen municipality
Ølgod;	"";	"";	ølgod
Helle (mythology);	"";	"";	helle or athamantis
Herning Municipality;	"";	"";	herning municipality
Holstebro Municipality;	"";	"";	holstebro municipality
Lemvig Municipality;	"";	"";	lemvig municipality
Ringkøbing;	"";	"";	ringkøbing
Struer Municipality;	"";	"";	struer municipality
Videbæk;	"";	"";	videbæk
Hvalsø;	"";	"";	kirke hvalsø
Køge Municipality;	"";	"";	køge municipality
Lejre;	"";	"";	lejre
Solrød Municipality;	"";	"";	solrød municipality
Scott Bradley (composer);	"";	"";	scott bradley
Friesland (district);	"";	"";	friesland
Type XXIII submarine;	"";	"";	''kriegsmarine''}}
Raymond Scott;	"";	"";	raymond scott
Wizards of the Coast;	"";	"";	wizards of the coast llc
Romer v. Evans;	"";	"";	romer v. evans
George Meade;	"";	"";	george meade
The Proud Family;	"";	"";	the proud family
Olivier Messiaen;	"";	"";	olivier messiaen
Coluche;	"";	"";	coluche
Freeview (UK);	"";	"";	freeview
Al-Ghazali;	"";	"";	al-ghazālī
Cearbhall Ó Dálaigh;	"";	"";	cearbhall ó dálaigh
Romani language;	"";	"";	romani
George Alexander Parks;	"";	"";	george alexander parks
Barretos;	"";	"";	barretos
Ayrton Senna;	"";	"";	ayrton senna
Mastocytosis;	"";	"";	mastocytosis
Coronary circulation;	"";	"";	coronary circulation
William McDougall (politician, born 1822);	"";	"";	william mcdougall
Fort Garry;	"";	"";	fort garry
Le Ton beau de Marot;	"";	"";	le ton beau de marot: in praise of the music of language
Fistful of Metal;	"";	"";	fistful of metal
Spreading the Disease;	"";	"";	spreading the disease
Peter Stormare;	"";	"";	peter stormare
Armed and Dangerous (EP);	"";	"";	armed and dangerous
Darling Scarp;	"";	"";	darling scarp
Among the Living;	"";	"";	among the living
Broome, Western Australia;	"";	"";	broome
Bunbury, Western Australia;	"";	"";	bunbury
I'm the Man (EP);	"";	"";	i'm the man
Earth radius;	"";	"";	earth radius
Fremantle;	"";	"";	fremantle
Bodyguard;	"";	"";	bodyguard
Christopher Ewart-Biggs;	"";	"";	christopher ewart-biggs
Darby O'Gill and the Little People;	"";	"";	darby o'gill and the little people
Mary McAleese;	"";	"";	mary mcaleese
Max Schmeling;	"";	"";	max schmeling
Social work;	"";	"";	social work
State of Euphoria;	"";	"";	state of euphoria
Persistence of Time;	"";	"";	persistence of time
Attack of the Killer B's;	"";	"";	attack of the killer b's
Sound of White Noise;	"";	"";	sound of white noise
Live: The Island Years;	"";	"";	live: the island years
Stomp 442;	"";	"";	stomp 442
Ho Chi Minh trail;	"";	"";	hồ chí minh trail
Politburo Standing Committee of the Chinese Communist Party;	"";	"";	'''standing committee of the political bureau of the central committee of the communist party of china'''
Volume 8: The Threat Is Real;	"";	"";	volume 8: the threat is real
Hal Moore;	"";	"";	harold gregory moore jr.
Madhouse: The Very Best of Anthrax;	"";	"";	madhouse: the very best of anthrax
George MacDonald;	"";	"";	george macdonald
County Sligo;	"";	"";	county sligo
Barber;	"";	"";	barber, hairdresser
Honoré Gabriel Riqueti, comte de Mirabeau;	"";	"";	the count of mirabeau
Leer (district);	"";	"";	leer
We Are the Champions;	"";	"";	we are the champions
East Frisia;	"";	"";	east frisia
New York Dolls;	"";	"";	new york dolls
Nicolas Fouquet;	"";	"";	nicolas fouquet
Leif Erikson;	"";	"";	leif erikson
Jean-Baptiste Colbert;	"";	"";	""
South Jutland County;	"";	"";	south jutland county
Aabenraa Municipality;	"";	"";	aabenraa municipality
Augustenborg, Denmark;	"";	"";	augustenborg
Bredebro;	"";	"";	bredebro
Broager;	"";	"";	broager
Christiansfeld;	"";	"";	christiansfeld
Gråsten;	"";	"";	gråsten
Haderslev Municipality;	"";	"";	haderslev municipality
Højer;	"";	"";	højer
Løgumkloster;	"";	"";	løgumkloster
Nordborg;	"";	"";	nordborg
Rødding;	"";	"";	rødding
Rødekro;	"";	"";	rødekro
Sønderborg Municipality;	"";	"";	sønderborg municipality
Sundeved;	"";	"";	sundeved
Tinglev;	"";	"";	tinglev
Tønder Municipality;	"";	"";	tønder municipality
Eurocopter MH-65 Dolphin;	"";	"";	mh-65 dolphin
Gram;	"";	"";	gram
George Villiers, 1st Duke of Buckingham;	"";	"";	the duke of buckingham
Philip III of Spain;	"";	"";	philip iii
Good Samaritan law;	"";	"";	civil law (miscellaneous provisions) act 2011
Norman Jewison;	"";	"";	norman jewison
George Dewey;	"";	"";	george dewey
Hypothermia;	"";	no;	hypothermia
Violent Femmes (album);	"";	"";	violent femmes
Funkadelic (album);	"";	"";	funkadelic
List of strikes;	"";	"";	united kingdom}}
Barrison Sisters;	"";	"";	barrison sisters
Farley Mowat;	"";	"";	farley mowat
Scarlet Street;	"";	"";	scarlet street
Orthodox Church in America;	"";	"";	orthodox church in america
Bristol Jupiter;	"";	"";	jupiter
Unlambda;	"";	"";	unlambda
Bristol Pegasus;	"";	"";	pegasus
Spider-Man (2002 film);	"";	"";	spider-man
Seán Lemass;	"";	"";	seán lemass
Jack Lynch;	"";	"";	jack lynch
Rapira;	"";	"";	rapira
Andrey Yershov;	"";	"";	andrey yershov
Johnny Young;	"";	"";	johnny young
Raffaello (confection);	"";	"";	raffaello
Raquel Welch;	"";	"";	""
Green Goddess;	"";	"";	bedford rlhz self propelled pump
Ford Pinto;	"";	"";	ford pinto
Uncle Sam's Curse;	"";	"";	uncle sam's curse
M142 HIMARS;	"";	"";	m142 himars
The Newcomes;	"";	"";	the newcomes
MGM-140 ATACMS;	"";	"";	mgm-140 atacms (army tactical missile system)
Squamish Five;	"";	"";	direct action
Manu Ginóbili;	"";	"";	manu ginóbili
Richard Simmons;	"";	"";	richard simmons
Little Richard;	"";	"";	little richard
Lloyd Price;	"";	no;	""
Blue Cheer;	"";	"";	blue cheer
John Searle;	"";	"";	john rogers searle
Nigel Kennedy;	"";	"";	nigel kennedy
Lake Nemi;	"";	"";	lake nemi
Three Represents;	"";	"";	three represents
Revolution (Beatles song);	"";	"";	revolution
Kragujevac;	"";	"";	kragujevac
John III of Portugal;	"";	"";	joão iii
Ryan Stiles;	"";	"";	ryan stiles
John II of Portugal;	"";	"";	john ii
Stéphane Grappelli;	"";	"";	stéphane grappelli
Battle of Leipzig;	"";	"";	defection}}
Goldbach's weak conjecture;	"";	"";	goldbach's weak conjecture
Kanaloa kahoolawensis;	kanaloa;	kahoolawensis;	""
Robert Ley;	"";	"";	robert ley
Zhao Ziyang;	"";	"";	zhao ziyang
Heechee Saga;	"";	"";	heechee saga
Polyethylene glycol;	"";	"";	""
Hermosillo;	"";	"";	hermosillo
Shoah (film);	"";	"";	shoah
Philip the Apostle;	"";	"";	philip the apostle
Shatt al-Arab;	"";	"";	shatt al-arab
Emlyn Williams;	"";	"";	emlyn williams<br><small>[[order of the british empire
George Jeffreys, 1st Baron Jeffreys;	"";	"";	the lord jeffreys
Republic P-47 Thunderbolt;	"";	"";	p-47 thunderbolt
Hofsjökull;	"";	"";	hofsjökull
Peyronie's disease;	"";	"";	peyronie's disease
Bristol Mercury;	"";	"";	mercury
Auguste de Montferrand;	"";	"";	auguste de montferrand
Bristol Phoenix;	"";	"";	phoenix
Harlingen, Netherlands;	"";	"";	harlingen
Bardiya;	"";	"";	bardiya<br>𐎲𐎼𐎮𐎡𐎹
Cedar Point;	"";	"";	cedar point
Atargatis;	"";	"";	atargatis
Businessperson;	"";	"";	businessperson
Valkenburg, South Holland;	"";	"";	valkenburg
Nancy Pelosi;	"";	no;	nancy pelosi
Uniformed services of the United States;	"";	"";	uniformed services of the united states
Ruth Brown;	"";	"";	ruth brown
Ray Charles;	"";	"";	ray charles
Buffalo Springfield;	"";	"";	buffalo springfield
Fats Domino;	"";	no;	""
Paul Touvier;	"";	"";	paul touvier
Sikorsky SH-3 Sea King;	"";	"";	sh-3 sea king
Ernst Ruska;	"";	"";	ernst ruska
Sam Cooke;	"";	no}};	""
William Holden;	"";	"";	william holden
Crosby, Stills, Nash & Young;	"";	no;	crosby, stills, nash & young
Mervyn LeRoy;	"";	"";	mervyn leroy
The Flying Burrito Brothers;	"";	"";	the flying burrito brothers
George Stevens;	"";	"";	george stevens
Aretha Franklin;	"";	no;	""
Shirley MacLaine;	"";	"";	""
Myrna Loy;	"";	"";	myrna loy
Helvetica;	"";	"";	helvetica
The Irish Times;	"";	"";	the irish times
David Norris (politician);	"";	"";	david norris
Primus (band);	"";	"";	primus
Domhnall Ua Buachalla;	"";	"";	domhnall ua buachalla
Claudette Colvin;	"";	"";	claudette colvin
Battle of New Orleans;	"";	"";	lg_thornton}} assessed in 2008 to be 12 hours late.<ref>patterson, benton rain, p. 236.</ref> the frontal attack was not postponed, however, as the british hoped that the force on the west bank would create a diversion, even if they did not succeed in the assault.<ref name=hcre362/>
John Mayall & the Bluesbreakers;	"";	"";	john mayall & the bluesbreakers
Ismail Ibn Sharif;	"";	"";	moulay ismail ibn sharif<br />{{nobold
The Moody Blues;	"";	no;	the moody blues
Jimmy Eat World;	"";	"";	jimmy eat world
Wilmot N. Hess;	"";	"";	wilmot hess
Medal of Honor: Allied Assault;	"";	"";	medal of honor: allied assault (ea games soundtrack)
Paul Castellano;	"";	"";	paul castellano
Eudora Welty;	"";	"";	eudora welty
Norbert Rillieux;	"";	"";	norbert rillieux
Ian Thorpe;	"";	"";	ian thorpe<br />{{postnominals
Chaozhou;	"";	"";	chaozhou
Clemson University;	"";	"";	clemson university
A Tribe Called Quest;	"";	"";	a tribe called quest
Maya calendar;	"";	"";	day symbols of the maya year}} 1897 text by cyrus thomas
Bruce Forsyth;	"";	"";	bruce forsyth
David Dickinson;	"";	"";	david dickinson
NASCAR Xfinity Series;	"";	"";	nascar xfinity series
Ammerland;	"";	"";	ammerland
Beckman Research Institute;	"";	"";	beckman research institute of city of hope
Yue Chinese;	"";	"";	yue
Wesermarsch;	"";	"";	wesermarsch
Calcium oxide;	"";	"";	calcium oxide
Sid Meier;	"";	"";	sid meier
Bill Stealey;	"";	"";	bill stealey's profile}}
Schutzhund;	"";	"";	schutzhund
Margaux Hemingway;	"";	"";	margaux hemingway
Ireland;	"";	"";	ireland
Alastair Sim;	"";	"";	alastair sim
Romsey Abbey;	"";	"";	romsey abbey
Atari BASIC;	"";	"";	atari basic
ABC (programming language);	"";	"";	abc
The Supremes;	"";	no;	the supremes
Juan Carazo;	"";	"";	juan carazo
Cuxhaven (district);	"";	"";	cuxhaven
Margam Abbey;	"";	"";	margam abbey
Paul Simon (album);	"";	"";	paul simon
Gepids;	"";	"";	gepid
Wah Wah Watson;	"";	"";	wah wah watson
Stade (district);	"";	"";	stade
Samadhi;	"";	"";	"\"theravadin\""
Kyuss;	"";	"";	kyuss
Raphael Holinshed;	"";	"";	raphael holinshed}}
Ernst Zündel;	"";	"";	ernst zündel
Windex;	"";	"";	windex
Halicarnassus;	"";	"";	halicarnassus
Simon Rex;	"";	"";	simon rex
Middlesex;	"";	"";	middlesex
Kozan, Adana;	"";	"";	kozan
Wallia;	"";	"";	walha
Manbij;	"";	"";	""
It's That Man Again;	"";	"";	it's that man again
The Temptations;	"";	"";	the temptations
File:Violent Femmes.jpg;	"";	"";	violent femmes
Julia Deakin;	"";	"";	julia deakin
The Pretenders;	"";	no}};	the pretenders
Simon Pegg;	"";	"";	""
Northern California;	"";	"";	northern california
Jaguar Cars;	"";	"";	jaguar (marque)
Stevie Wonder;	"";	"";	stevie wonder
Tim Alexander;	"";	"";	tim {{nobold
Castle in the Sky;	"";	no;	laputa: castle in the sky
Laundry;	"";	no;	""
Psychedelic trance;	"";	"";	psychedelic trance
Dusty Springfield;	"";	"";	dusty springfield
SST Records;	"";	"";	sst records
Paolo Maldini;	"";	"";	paolo maldini<br />{{post-nominals
Nabemono;	"";	"";	''nabemono''
Kaiji Kawaguchi;	"";	"";	kaiji kawaguchi
Miso soup;	"";	no;	miso soup
French Open;	"";	"";	french open<br/>(roland-garros)
Shaquille O'Neal;	"";	no}};	shaquille o'neal
Matsumoto, Nagano;	"";	"";	matsumoto
Riyoko Ikeda;	"";	"";	riyoko ikeda
Shinjuku;	"";	"";	shinjuku
Nervous Breakdown (EP);	"";	"";	nervous breakdown
Shibuya;	"";	"";	shibuya
Jimmy Doolittle;	"";	"";	james doolittle
Dez Cadena;	"";	"";	dez cadena
Moors murders;	"";	"";	ian brady and myra hindley
Keith Morris;	"";	"";	keith morris
Chuck Dukowski;	"";	"";	chuck dukowski
Kira Roessler;	"";	"";	kira roessler
Áras an Uachtaráin;	"";	"";	''áras an uachtaráin''
Robo (musician);	"";	"";	robo
NHK;	"";	"";	japan broadcasting corporation<br /><small>''nippon hōsō kyōkai''<br />{{nobold
Dango;	"";	"";	''dango''
1994 FIFA World Cup;	"";	"";	ireland}}<small> (14, or=10)</small>
Nippon Professional Baseball;	"";	"";	vantelin dome nagoya}}
Onigiri;	"";	"";	''onigiri''
NHK World-Japan;	"";	"";	nhk world-japan
Saburō Kitajima;	"";	"";	saburō kitajima <br> {{nihongo2
Okonomiyaki;	"";	"";	okonomiyaki
Boys Over Flowers;	"";	"";	boys over flowers
Soba;	"";	"";	soba
Brazilian cuisine;	"";	"";	major
Phoenix Park;	"";	"";	phoenix park
Steward's Lodge;	"";	"";	steward's lodge
The Bounty (1984 film);	"";	"";	the bounty
The Singing Nun;	"";	"";	jeanne deckers
Carlos Manuel Rodríguez Santiago;	"";	"";	carlos manuel cecilio rodríguez santiago
Tridentine Mass;	"";	"";	theseregions}} although the tridentine mass is often described as the latin mass,<ref>{{cite book
Bill Stevenson (musician);	"";	"";	bill stevenson
Abstract expressionism;	"";	"";	abstract expressionism
My War;	"";	"";	my war
Dublin Castle;	"";	"";	dublin castle
Slip It In;	"";	"";	slip it in
Ian MacKaye;	"";	"";	ian mackaye
Pope Benedict XV;	"";	"";	benedict xv
Pope Pius XI;	"";	"";	pius xi
Pope Pius VIII;	"";	"";	pius viii
Joe Louis;	"";	"";	joe louis
Live (band);	"";	no;	live
George Clinton (vice president);	"";	"";	george clinton
Michelle Yeoh;	"";	"";	michelle yeoh
Meccano;	"";	"";	meccano
Harburg (district);	"";	"";	harburg
Fred A. Leuchter;	"";	"";	""
Weser-Ems;	"";	"";	weser-ems
Angus Deayton;	"";	"";	angus deayton
Eastern Berber languages;	"";	"";	eastern berber
Gang of Four (band);	"";	"";	gang of four
Bristol Perseus;	"";	"";	perseus
Super Mario Bros.: The Lost Levels;	"";	"";	poison
Games Workshop;	"";	"";	games workshop group plc
British Academy of Film and Television Arts;	"";	"";	bafta (british academy of film and television arts)
Little Dorrit;	"";	"";	little dorrit
Bright Eyes (band);	"";	"";	bright eyes
Goiás;	"";	"";	goiás
Robert II of Scotland;	"";	"";	robert ii
Robert III of Scotland;	"";	"";	robert iii
Albert Fish;	"";	"";	albert fish
Respironics;	"";	"";	respironics
David II of Scotland;	"";	"";	david ii
Carlo Gambino;	"";	"";	carlo gambino
David I of Scotland;	"";	"";	david i
Duncan II of Scotland;	"";	"";	duncan ii
Duncan I of Scotland;	"";	"";	duncan i
Marvin Gaye;	"";	"";	marvin gaye
Malcolm IV of Scotland;	"";	"";	malcolm iv
Il Canto degli Italiani;	"";	"";	scipio
Hormel Foods;	"";	"";	hormel foods corporation
Samson;	"";	"";	samson
Kenneth II of Scotland;	"";	"";	kenneth ii
Big Star;	"";	no;	big star
Seven Mary Three;	"";	"";	seven mary three
Proteinuria;	"";	"";	proteinuria
Ray Burke (Irish politician);	"";	"";	ray burke
Siwi language;	"";	"";	siwi
Jack Dempsey;	"";	"";	jack dempsey
James III of Scotland;	"";	"";	james iii
James II of Scotland;	"";	"";	james ii
Edgar, King of Scotland;	"";	"";	edgar
Donald III of Scotland;	"";	"";	donald iii
Malcolm II of Scotland;	"";	"";	malcolm ii
Kenneth III of Scotland;	"";	"";	kenneth iii
Constantine III of Scotland;	"";	"";	constantine iii
Mike Watt;	"";	no}};	mike watt
Cuilén;	"";	"";	cuilén mac illuilb
Firehose (band);	"";	"";	firehose
Indulf;	"";	"";	indulf
Donald II of Scotland;	"";	"";	donald ii
Eochaid ab Rhun;	"";	"";	eochaid
Liz Phair;	"";	"";	liz phair
Damaged (Black Flag album);	"";	"";	damaged
Family Man (Black Flag album);	"";	"";	family man
Everything Went Black;	"";	"";	everything went black
The First Four Years;	"";	"";	the first four years
Drosera;	"";	drosera;	""
Swan Song Records;	"";	"";	swan song records
Simon Brett;	"";	"";	simon brett<br><small>[[order of the british empire
Colorburst;	"";	"";	repeating decimal
Bridgeport, California;	"";	"";	bridgeport, california
James M. Cox;	"";	"";	james middleton cox
Downieville, California;	"";	"";	downieville
Somali cat;	"";	"";	somali
San Francisco Museum of Modern Art;	"";	"";	san francisco museum <br> of modern art
Alaska Permanent Fund;	"";	"";	zobel v. williams
Melissa Joan Hart;	"";	"";	melissa joan hart
File:AmeriKKKa's Most Wanted (Ice Cube).jpg;	"";	"";	amerikkka's most wanted
John Balguy;	"";	"";	john balguy
IBM PC DOS;	"";	"";	ibm pc dos
Smokey Robinson;	"";	"";	smokey robinson
Bruno Walter;	"";	"";	bruno walter
PwC;	"";	"";	pricewaterhousecoopers
Alexander Ball;	"";	"";	alexander john ball
Yury of Moscow;	"";	"";	yury i
Ivan I of Moscow;	"";	"";	ivan i
Ivan V of Russia;	"";	"";	ivan v
Simeon of Moscow;	"";	"";	simeon the proud
Ivan II of Moscow;	"";	"";	ivan the fair
Dmitry Donskoy;	"";	"";	dmitry donskoy
Zenaga language;	"";	"";	zenaga
Vasily I of Moscow;	"";	"";	vasily i
Vasily II of Moscow;	"";	"";	vasily ii
Ivan III of Russia;	"";	"";	ivan iii
Vasili III of Russia;	"";	"";	vasili iii
Feodor I of Russia;	"";	"";	feodor i
Feodor II of Russia;	"";	"";	feodor ii
Feodor III of Russia;	"";	"";	feodor iii
Peter II of Russia;	"";	"";	peter ii
Ivan VI of Russia;	"";	"";	ivan vi
Paul I of Russia;	"";	"";	paul i
Thomas Ball (artist);	"";	"";	thomas ball
Miguel Bosé;	"";	"";	miguel bosé
Prion (bird);	"";	"";	prions
Frederick I, Margrave of Baden;	"";	"";	frederick i
Tuareg languages;	"";	"";	tamashek
Thomas Beecham;	"";	no}};	""
Walter Bower;	"";	"";	walter bower
Earl of Wemyss;	"";	"";	earldom of wemyss<br /><small>''held with''</small><br />earldom of march<br /><small>''since 1826''</small>
Alkaptonuria;	"";	"";	alkaptonuria
Czech Philharmonic;	"";	"";	czech philharmonic
City of Birmingham Symphony Orchestra;	"";	"";	city of birmingham symphony orchestra
Berlin Philharmonic;	"";	"";	berlin philharmonic
Boston Symphony Orchestra;	"";	"";	boston symphony orchestra
John Ballance;	"";	"";	john ballance
William Ballantine;	"";	"";	william ballantine
R. M. Ballantyne;	"";	"";	r. m. ballantyne
Hosea Ballou;	"";	no;	hosea ballou
Jaime Balmes;	"";	"";	jaime balmes
Hugh de Balsham;	"";	"";	hugh de balsham
Silas Deane;	"";	"";	silas deane
Charles Gravier, comte de Vergennes;	"";	"";	the count of vergennes
Otto von Habsburg;	"";	"";	otto von habsburg
Joseph II, Holy Roman Emperor;	"";	"";	joseph ii
Joseph I, Holy Roman Emperor;	"";	"";	joseph i
Ice Cube;	"";	"";	ice cube
Carlos Santana;	"";	"";	carlos santana
Condor;	"";	"";	condor
William Styron;	"";	"";	william styron
Gottfried Keller;	"";	"";	gottfried keller}}
Blood, Sweat & Tears;	"";	"";	blood, sweat & tears
Ancient Greek;	"";	"";	ancient greek
Dendritic cell;	"";	no }};	dendritic cell
Live '84;	"";	"";	live '84
Loose Nut;	"";	"";	loose nut
The Process of Weeding Out;	"";	"";	the process of weeding out
Minuteflag;	"";	"";	minuteflag
James Taylor;	"";	"";	james taylor
Annihilate This Week;	"";	"";	annihilate this week
Alberto Dávila;	"";	"";	alberto dávila
Bournemouth Symphony Orchestra;	"";	"";	bournemouth symphony orchestra (bso)
Rollins Band;	"";	"";	rollins band
Atlanta Symphony Orchestra;	"";	"";	atlanta symphony orchestra (aso)
San Francisco Symphony;	"";	"";	san francisco symphony
Vienna Philharmonic;	"";	"";	vienna philharmonic
Henry Grattan;	"";	"";	henry grattan
Irish House of Commons;	"";	"";	irish house of commons
Studio Ghibli;	"";	"";	studio ghibli, inc.
Michigan Terminal System;	"";	"";	michigan terminal system (mts)
Tatyana Ali;	"";	"";	tatyana ali
Conrad Ferdinand Meyer;	"";	"";	conrad ferdinand meyer
Explorer 4;	"";	"";	explorer 4
Operation Argus;	"";	"";	operation argus
Citroën ZX;	"";	"";	citroën zx
Étienne François de Choiseul, Duke of Choiseul;	"";	"";	étienne françois de choiseul
Lucky Luciano;	"";	"";	lucky luciano
Francis I, Holy Roman Emperor;	"";	"";	francis i
Jon Anderson;	"";	"";	jon anderson
Stanisław Leszczyński;	"";	"";	stanisław i
Alberto Fujimori;	"";	"";	alberto fujimori
1906 Intercalated Games;	"";	"";	finland
Whitesnake;	"";	"";	whitesnake
Holy Land;	"";	"";	the holy land
The Strokes;	"";	"";	the strokes
Kansas (band);	"";	"";	kansas
Brandi Chastain;	"";	"";	brandi chastain
Tom Petty and the Heartbreakers;	"";	no;	tom petty and the heartbreakers
San Jose International Airport;	"";	"";	san jose mineta international airport
Samlesbury Hall;	"";	"";	samlesbury hall
Langley Park School for Girls;	"";	"";	langley park school for girls
Battle of Borodino;	"";	"";	hesse}}}}
Great Expectations;	"";	"";	great expectations
Focke-Wulf Fw 200 Condor;	"";	"";	fw 200 condor
Maribo;	"";	"";	maribo
Møn;	"";	"";	møn
Nykøbing Falster;	"";	"";	nykøbing falster
Næstved Municipality;	"";	"";	næstved municipality
Nysted;	"";	"";	nysted
Præstø;	"";	"";	præstø
Rødby;	"";	"";	rødby
Sakskøbing;	"";	"";	sakskøbing
Stevns Municipality;	"";	"";	stevns municipality
Vordingborg Municipality;	"";	"";	vordingborg municipality
Donald Pleasence;	"";	"";	donald pleasence
Milton Keynes;	"";	"";	londist
Helena, mother of Constantine I;	"";	"";	helena
Pescennius Niger;	"";	"";	pescennius niger
John P. O'Neill;	"";	"";	john p. o'neill
Louis-Pierre Baltard;	"";	"";	louis-pierre baltard
Thomas Baltzar;	"";	"";	thomas baltzar
Yousuf Karsh;	"";	"";	yousuf karsh
Gordon–Conwell Theological Seminary;	"";	"";	gordon-conwell theological seminary
Northwestern College (Iowa);	"";	"";	northwestern college (iowa)
Vilhelm Moberg;	"";	"";	vilhelm moberg
Clodius Albinus;	"";	"";	clodius albinus
Lake Agassiz;	"";	"";	lake agassiz
BBC Symphony Orchestra;	"";	"";	bbc symphony orchestra
Cleveland Orchestra;	"";	"";	the cleveland orchestra
Federica Montseny;	"";	"";	federica montseny
Jean Balue;	"";	"";	jean balue
Duran Duran;	"";	"";	duran duran
Dallas Symphony Orchestra;	"";	"";	dallas symphony orchestra (dso)
Sigur Rós;	"";	"";	sigur rós
Étienne Baluze;	"";	"";	""
Frankie Fitzgerald;	"";	"";	frankie fitzgerald
Quiet Riot;	"";	"";	quiet riot
George Woodcock;	"";	"";	george woodcock
Cheshire Cat;	"";	"";	cheshire cat
The Cat in the Hat;	"";	"";	the cat in the hat
GeForce;	"";	"";	geforce
GeForce 256;	"";	"";	geforce 256
GeForce FX series;	"";	"";	geforce fx series
Oireachtas;	"";	"";	oireachtas éireann
Cacti (software);	"";	"";	cacti
Dinosaurus;	dinosaurus;	murchisonii;	""
Leif Erickson (actor);	"";	"";	leif erickson
Leopold II, Holy Roman Emperor;	"";	"";	leopold ii
Queen Latifah;	"";	"";	queen latifah
Jaco Pastorius;	"";	"";	jaco pastorius
Roy Hattersley;	"";	"";	the lord hattersley
Leopold I, Holy Roman Emperor;	"";	"";	leopold i
In My Head (album);	"";	"";	in my head
Philip IV of Spain;	"";	"";	philip iv
Christy Martin (boxer);	"";	"";	christy martin
Dodi Fayed;	"";	"";	dodi fayed
Edmund FitzAlan-Howard, 1st Viscount FitzAlan of Derwent;	"";	"";	the viscount fitzalan of derwent
Ceann Comhairle;	"";	"";	electoral act 1992
Judith Butler;	"";	"";	judith butler
MAX Light Rail;	"";	"";	metropolitan area express
Brownstown, Lancaster County, Pennsylvania;	"";	"";	brownstown, pennsylvania
Texas Guinan;	"";	"";	texas guinan
Donna Karan;	"";	"";	donna karan
Hong dou tang;	"";	"";	hong dou tang
John Browning;	"";	"";	john moses browning
American Bobtail;	"";	"";	american bobtail
Japanese Bobtail;	"";	"";	japanese bobtail
Japanese clothing;	"";	"";	686ce}}
Kakigōri;	"";	"";	''kakigōri''
Anmitsu;	"";	"";	anmitsu
Japanese hip hop;	"";	"";	japanese hip hop
Shin-Yokohama Rāmen Museum;	"";	"";	shin-yokohama rāmen museum
Dragon Ash;	"";	"";	dragon ash
Mr. Children;	"";	"";	mr. children
Uirō;	"";	"";	uirō
Yomiuri Giants;	"";	"";	yomiuri giants
Tokyo Tower;	"";	"";	tokyo tower
King Giddra;	"";	"";	king giddra
International Kendo Federation;	"";	"";	international kendo federation
Chigasaki, Kanagawa;	"";	"";	chigasaki
Yukata;	"";	"";	{{nihongo
Mario Lemieux;	"";	"";	mario lemieux<br />{{post-nominals
Ai Yazawa;	"";	"";	ai yazawa
Harajuku;	"";	"";	harajuku
Abstract impressionism;	"";	"";	abstract impressionism
Aquemini;	"";	"";	aquemini
James Coburn;	"";	"";	james coburn
Danielle Fishel;	"";	"";	danielle fishel
The Dakota;	"";	"";	the dakota
United States Capitol subway system;	"";	"";	united states capitol subway system
Havergal Brian;	"";	"";	havergal brian
Warren DeMartini;	"";	"";	warren demartini
Porsche Cayenne;	"";	"";	porsche cayenne
Bobby Brown;	"";	"";	bobby brown
Lanai;	"";	"";	lāna'i
Tyrol (federal state);	"";	"";	tyrol
Electroclash;	"";	"";	electroclash
Leonding;	"";	"";	leonding
Vivienne Westwood;	"";	"";	vivienne westwood
Malcolm McLaren;	"";	"";	malcolm mclaren
Yothu Yindi;	"";	"";	yothu yindi
File:YothuYindi HomelandMovement.jpg;	"";	"";	homeland movement
Homeland Movement;	"";	"";	homeland movement
File:YothuYindi TribalVoice.jpg;	"";	"";	tribal voice
Tribal Voice;	"";	"";	tribal voice
File:YothuYindi Freedom.jpg;	"";	"";	freedom
Freedom (Yothu Yindi album);	"";	"";	freedom
Birrkuta – Wild Honey;	"";	"";	birrkuta – wild honey
M1 Garand;	"";	"";	u.s. rifle, caliber .30, m1
Nick Park;	"";	"";	nick park
Edward Sabine;	"";	"";	edward sabine
Ludwig Bamberger;	"";	"";	ludwig bamberger<!-- include middle initial, if not specified in birth_name -->
Sarah McLachlan;	"";	no;	sarah mclachlan
Chantal Kreviazuk;	"";	"";	chantal kreviazuk
Lihou;	"";	"";	lihou
A Man Called Horse (short story);	"";	"";	a man called horse
Garage rock;	"";	"";	garage rock
John Bampton;	"";	"";	"bampton, john}}</ref> in 1705 at age 16 he was admitted to [[trinity college, oxford]], where he graduated b.a. in 1709, m.a. in 1712.<ref name=\"ox2\">{{alox1"
Carole King;	"";	"";	carole king
Wayne's World 2;	"";	"";	wayne's world 2
Ferdinand IV of Castile;	"";	"";	ferdinand iv
The Wall;	"";	"";	the wall
Thomas Bayes;	"";	"";	thomas bayes
Isabella II of Spain;	"";	"";	isabella ii
Ferdinand VII of Spain;	"";	"";	ferdinand vii
Messiah (Handel);	"";	"";	''messiah''
Leighton Moss RSPB reserve;	"";	"";	leighton moss
Mayagüez, Puerto Rico;	"";	"";	mayagüez
Where Angels Fear to Tread;	"";	"";	where angels fear to tread
Jackie Wilson;	"";	"";	jackie wilson
Alan Minter;	"";	"";	alan minter
Joel Roth;	"";	"";	joel roth
Roger Ailes;	"";	"";	roger ailes
Loch Garten;	"";	"";	loch garten
Snettisham RSPB reserve;	"";	"";	snettisham rspb reserve
Strumpshaw Fen RSPB reserve;	"";	"";	rspb strumpshaw fen
Polyface Farm;	"";	"";	polyface farm
RAF Kenley;	"";	"";	raf kenley
Tigran Petrosian;	"";	"";	tigran petrosian
Jacob Ettlinger;	"";	"";	jacob ettlinger
Joseph Karo;	"";	"";	joseph karo
Shulchan Aruch;	"";	"";	shulchan aruch
Zabaione;	"";	"";	zabaglione
Peter Carl Fabergé;	"";	"";	peter carl fabergé
Fajardo, Puerto Rico;	"";	"";	fajardo
The Zombies;	"";	"";	the zombies
Bethel, Connecticut;	"";	"";	bethel, connecticut
Aerosmith;	"";	"";	aerosmith
Borderline personality disorder;	"";	"";	borderline personality disorder
AC/DC;	"";	no;	ac/dc
Do It Records;	"";	"";	do it records
The Allman Brothers Band;	"";	"";	the allman brothers band
America (band);	"";	"";	america
Emma Watson;	"";	no;	emma watson
Bee Gees;	"";	"";	bee gees
James B. Weaver;	"";	"";	james b. weaver
Titchwell Marsh;	"";	"";	titchwell marsh
Atlantic Wall;	"";	"";	atlantic wall
Slavonia;	"";	"";	slavonia
Belišće;	"";	"";	belišće
Valpovo;	"";	"";	valpovo
Osijek;	"";	"";	osijek
Vukovar;	"";	"";	vukovar
Vinkovci;	"";	"";	vinkovci
Slavonski Brod;	"";	"";	slavonski brod
Brazil national football team;	"";	"";	brazil
Našice;	"";	"";	našice
Požega, Croatia;	"";	"";	požega
Đakovo;	"";	"";	đakovo
Slatina, Croatia;	"";	"";	slatina
Virovitica;	"";	"";	virovitica
Black Speech;	"";	"";	black speech
National Center for Biotechnology Information;	"";	"";	national center for<br>biotechnology information
Celera Corporation;	"";	"";	celera corporation
Odenwald;	"";	"";	odenwald
Indian National Congress;	"";	"";	indian national congress
Shivaji;	"";	"";	shivaji i<!--
Sisak;	"";	"";	sisak
Kopački Rit;	"";	"";	kopački rit
Drava;	"";	"";	drava <small>or</small> drave
Lüneburg (district);	"";	"";	lüneburg
Dortmund;	"";	"";	dortmund
Lüneburg;	"";	"";	lüneburg
Dorothea Dix;	"";	"";	dorothea dix
Nam June Paik;	"";	"";	nam june paik
Lüchow-Dannenberg;	"";	"";	lüchow-dannenberg
Chris Waddle;	"";	"";	chris waddle
St. Joseph, Missouri;	"";	"";	st. joseph, missouri
Dave Williams (singer);	"";	"";	dave williams
České Budějovice;	"";	"";	české budějovice
Jean-André Deluc;	"";	"";	jean-andré deluc
Hubert Howe Bancroft;	"";	"";	hubert howe bancroft
Bregenz;	"";	"";	bregenz
Flag of Sierra Leone;	"";	"";	republic of sierra leone
Richard Bancroft;	"";	"";	richard bancroft
Adolph Francis Alphonse Bandelier;	"";	"";	adolph francis alphonse bandelier
Shoeless Joe Jackson;	"";	"";	shoeless joe jackson
Joe Jackson (musician);	"";	"";	joe jackson
The Verve;	"";	"";	the verve
Karl Menger;	"";	"";	karl menger
Rocky II;	"";	"";	rocky ii
Ronnie James Dio;	"";	"";	ronnie james dio
Charles IV of Spain;	"";	"";	charles iv
Charles III of Spain;	"";	"";	charles iii
Ferdinand VI of Spain;	"";	"";	ferdinand vi
Farinelli;	"";	"";	farinelli
Henry I of Navarre;	"";	"";	henry i
Who's Got the 10½?;	"";	"";	who's got the 10½?
Al Green;	"";	"";	al green
Henry II of Navarre;	"";	"";	henry ii
Marrella;	marrella;	splendens;	""
Myalgia;	"";	"";	myalgia
John V of Portugal;	"";	"";	john v
Wasted…Again;	"";	"";	wasted…again
Lys Assia;	"";	"";	lys assia
Jealous Again;	"";	"";	jealous again
Abelardo Díaz Alfaro;	"";	"";	abelardo milton díaz alfaro
Midnight Oil;	"";	no;	midnight oil
File:MidnightOil MidnightOil.jpg;	"";	"";	midnight oil
File:MidnightOil HeadInjuries.jpg;	"";	"";	head injuries
File:MidnightOil PlaceWithout.jpg;	"";	"";	place without a postcard
File:MidnightOil RedSails.jpg;	"";	"";	red sails in the sunset
File:MidnightOil DieselAndDust.jpg;	"";	"";	diesel and dust
File:MidnightOil BlueSkyMining.jpg;	"";	"";	blue sky mining
File:MidnightOil ScreamInBlue.jpg;	"";	"";	scream in blue
File:MidnightOil EarthSunMoon.jpg;	"";	"";	earth and sun and moon
File:MidnightOil Breathe.jpg;	"";	"";	breathe
File:MidnightOil RedneckWonderland.jpg;	"";	"";	redneck wonderland
File:MidnightOil Capricornia.jpg;	"";	"";	capricornia
Midnight Oil (Midnight Oil album);	"";	"";	midnight oil
Head Injuries;	"";	"";	head injuries
Place without a Postcard;	"";	"";	place without a postcard
10, 9, 8, 7, 6, 5, 4, 3, 2, 1;	"";	"";	10, 9, 8, 7, 6, 5, 4, 3, 2, 1
Red Sails in the Sunset (album);	"";	"";	red sails in the sunset
Diesel and Dust;	"";	"";	diesel and dust
Blue Sky Mining;	"";	"";	blue sky mining
Scream in Blue;	"";	"";	scream in blue
Earth and Sun and Moon;	"";	"";	earth and sun and moon
Richard Curtis;	"";	"";	richard curtis<!-- deleting this line will use the article title as the page name. -->
Breathe (Midnight Oil album);	"";	"";	breathe
Redneck Wonderland;	"";	"";	redneck wonderland
John Leland (antiquary);	"";	"";	john leland
Louie Louie;	"";	"";	louie louie
Danbury, Connecticut;	"";	"";	danbury, connecticut
Darien, Connecticut;	"";	"";	darien, connecticut
Liberal Party of Canada;	"";	"";	liberal party of canada
Alludo;	"";	"";	cascade parent limited
List of premiers of Ontario;	"";	"";	[[john sandfield macdonald]]
Sonny Liston;	"";	"";	sonny liston
Donna Summer;	"";	"";	donna summer
Jackson Browne;	"";	"";	jackson browne
Pafnuty Chebyshev;	"";	"";	pafnuty chebyshev
Mott the Hoople;	"";	"";	mott the hoople
George Bush Intercontinental Airport;	"";	"";	george bush intercontinental airport
Curly Lambeau;	"";	"";	curly lambeau
Marquesas Islands;	"";	"";	marquesas islands
Piano Sonata No. 14 (Beethoven);	"";	"";	piano sonata no. 14
Encyclopedia Americana;	"";	"";	encyclopedia americana
File:MidnightOil BirdNoises.jpg;	"";	"";	bird noises
File:MidnightOil SpeciesDeceases.jpg;	"";	"";	species deceases
Bird Noises;	"";	"";	bird noises
Species Deceases;	"";	"";	species deceases
Monash University;	"";	"";	monash university
John Monash;	"";	"";	sir john monash
Wilhelm Wien;	"";	"";	wilhelm wien
Vitrolles, Bouches-du-Rhône;	"";	"";	vitrolles
Hospitality Club;	"";	"";	hospitality club
Ludvig Holberg;	"";	"";	ludvig holberg
Johan Banér;	"";	"";	johan banér
John Hunter (surgeon);	"";	"";	john hunter
Shame (Rushdie novel);	"";	"";	shame
Beck;	"";	"";	beck
Midnight's Children;	"";	"";	midnight's children
Robin Gibb;	"";	"";	robin gibb
Buju Banton;	"";	"";	buju banton
Eurovision Song Contest 1958;	"";	"";	eurovision song contest
Boeing 737;	"";	"";	boeing 737
Idylls of the King;	"";	"";	idylls of the king
Pub rock (United Kingdom);	"";	"";	pub rock
Otto Frederick Rohwedder;	"";	"";	otto frederick rohwedder
IBM 7030 Stretch;	"";	"";	ibm stretch
Willie Nelson;	"";	"";	willie nelson
Osterholz;	"";	"";	osterholz
Rotenburg (district);	"";	"";	rotenburg
Small Brown Bike;	"";	"";	small brown bike
John Banim;	"";	"";	john banim
Glastonbury Tor;	"";	"";	glastonbury tor<br><small>[[welsh language
Eddie Bracken;	"";	"";	eddie bracken
Six Pack (EP);	"";	"";	six pack
Batley;	"";	"";	batley
Bingley;	"";	"";	bingley
Leeds and Liverpool Canal;	"";	"";	leeds and liverpool canal
A Night at the Roxbury;	"";	"";	a night at the roxbury
Better Than Ezra;	"";	"";	better than ezra
Exidy Sorcerer;	"";	"";	exidy sorcerer
Labelle;	"";	"";	labelle
Microsoft BASIC;	"";	"";	microsoft basic
Excretory system;	"";	"";	excretory system
Battle of Crete;	"";	"";	new zealand}}<br />{{flagcountry
General paresis of the insane;	"";	"";	general paresis
San Francisco State University;	"";	"";	san francisco state university
The Keys of the Kingdom;	"";	"";	the keys of the kingdom
Cornel Wilde;	"";	"";	cornel wilde
A Song to Remember;	"";	"";	a song to remember
Grand Funk Railroad;	"";	"";	grand funk railroad
Larry Parks;	"";	"";	larry parks
The Jolson Story;	"";	"";	the jolson story
A Double Life (1947 film);	"";	"";	a double life
Marcus Camby;	"";	"";	marcus camby
John Garfield;	"";	"";	john garfield
Michael Redgrave;	"";	"";	michael redgrave
Mourning Becomes Electra;	"";	"";	mourning becomes electra
Life with Father;	"";	"";	life with father
Lew Ayres;	"";	"";	lew ayres
Shavo Odadjian;	"";	"";	shavo odadjian
John Dolmayan;	"";	"";	john dolmayan
Montgomery Clift;	"";	"";	montgomery clift
The Search;	"";	"";	the search
Mark Farner;	"";	"";	mark farner
Jake LaMotta;	"";	"";	jake lamotta
George Inness;	"";	"";	george inness
Association of MBAs;	"";	"";	association of mbas
Melchizedek priesthood (Latter Day Saints);	"";	"";	leadershipcalling
Carn Euny;	"";	"";	carn euny
File:Doppelgänger (Daniel Amos album).jpg;	"";	"";	doppelgänger
File:FearfulSymmetry.jpg;	"";	"";	fearful symmetry
File:HorrendousDisc.jpg;	"";	"";	horrendous disc
File:MrBuechnersDream.jpg;	"";	"";	mr. buechner's dream
Calder and Hebble Navigation;	"";	"";	calder and hebble navigation
Alexander Bard;	"";	"";	alexander bard
Work (physics);	"";	"";	work
Udinese Calcio;	"";	"";	[[marco silvestri]]}}
Medical uses of silver;	"";	"";	medical uses of silver
Dante Gabriel Rossetti;	"";	"";	dante gabriel rossetti
Harewood House;	"";	"";	harewood house
Constant Lambert;	"";	"";	constant lambert
R. K. Narayan;	"";	"";	r. k. narayan
Emmy Noether;	"";	"";	emmy noether
Composite video;	"";	"";	composite video baseband signal
Verden (district);	"";	"";	verden
Trinity Hall, Cambridge;	"";	"";	trinity hall
Heidekreis;	"";	"";	heidekreis
Zardoz;	"";	"";	zardoz
George Linnaeus Banks;	"";	"";	george linnaeus banks
Navel piercing;	"";	"";	navel piercing
Nathaniel P. Banks;	"";	"";	banks, nathaniel prentice}}
Winifred Wagner;	"";	"";	winifred wagner
David Ho;	"";	"";	david ho<br>{{linktext
Phlebotomy;	"";	"";	phlebotomy
Byland Abbey;	"";	"";	byland abbey
Jervaulx Abbey;	"";	"";	jervaulx
Parable of the Good Samaritan;	"";	"";	gerizzim}} the samaritans, reciprocally, hated the jews.{{sfn
Thomas Banks (sculptor);	"";	"";	thomas banks
Rievaulx Abbey;	"";	"";	rievaulx abbey
Capability Brown;	"";	"";	"lancelot \"capability\" brown"
Intrauterine growth restriction;	"";	"";	intrauterine growth restriction
James Hargreaves;	"";	"";	james hargreaves
TV Party (EP);	"";	"";	tv party
Pipe organ;	"";	"";	pipe organ
I Can See You (EP);	"";	"";	i can see you
Csound;	"";	"";	csound
Red House Museum;	"";	"";	red house museum
Uelzen (district);	"";	"";	uelzen
Bergen-Belsen concentration camp;	"";	"";	bergen-belsen
Milutin Milanković;	"";	"";	milutin milanković
River Aire;	"";	"";	river aire
Living Colour;	"";	no}};	living colour
River Spen;	"";	"";	river spen
Fairburn Ings RSPB reserve;	"";	"";	fairburn ings rspb reserve
River Witham;	"";	"";	river witham
River Welland;	"";	"";	river welland
River Nene;	"";	"";	river nene
The Jam;	"";	"";	the jam
River Great Ouse;	"";	"";	river great ouse
Nene (bird);	branta;	sandvicensis;	nene
Red River of the North;	"";	"";	red river of the north
10,000 Maniacs;	"";	"";	10,000 maniacs
Axl Rose;	"";	"";	axl rose
Barrington Levy;	"";	"";	barrington levy
Maggie Cheung;	"";	"";	maggie cheung
Hugo Black;	"";	no;	hugo black
Cape Finisterre;	"";	"";	cape finisterre
Gong Li;	"";	"";	gong li
Doctor Strange;	"";	[[human]];	""
Frankenchrist;	"";	"";	frankenchrist
George Foreman;	"";	"";	george foreman
Ralf Hütter;	"";	"";	ralf hütter
Harpo Marx;	"";	"";	harpo marx
Édouard Lucas;	"";	"";	édouard lucas
Kilimanjaro International Airport;	"";	no;	kilimanjaro international airport
Black pepper;	piper;	nigrum;	""
2002–03 Plymouth Argyle F.C. season;	"";	"";	[[romain larrieu]]}}
2001–02 Plymouth Argyle F.C. season;	"";	"";	[[romain larrieu]]}}
Heineken N.V.;	"";	"";	heineken n.v.
Eurovision Song Contest 1960;	"";	"";	eurovision song contest
Celle (district);	"";	"";	celle
44th Annual Grammy Awards;	"";	"";	44th annual grammy awards
Celle;	"";	"";	celle
Federalist Society;	"";	"";	federalist society
Eschede train disaster;	"";	"";	eschede train disaster
Aleksander Kwaśniewski;	"";	"";	aleksander kwaśniewski
River Ancholme;	"";	"";	river ancholme
Aller (Germany);	"";	"";	aller
British Academy Film Awards;	"";	"";	british academy film awards
Chicago Symphony Orchestra;	"";	"";	chicago symphony orchestra
Broken Hill;	"";	"";	broken hill
Sorbs;	"";	"";	remus
River Stour, Kent;	"";	"";	great stour
Robert Smith (musician);	"";	"";	robert smith
David Suchet;	"";	"";	david suchet
Zhang Sanfeng;	"";	"";	zhang sanfeng<br />{{nobold
Lechitic languages;	"";	"";	lechitic
Trilateral Commission;	"";	"";	the trilateral commission
Gifhorn (district);	"";	"";	gifhorn
Polabian language;	"";	"";	polabian
East Stour, Kent;	"";	"";	river east stour
Little Stour;	"";	"";	little stour
River Wantsum;	"";	"";	river wantsum
List of windmills in the United Kingdom;	"";	"";	bidston windmill
Ed Emshwiller;	"";	"";	ed emshwiller
Treaty of Ghent;	"";	"";	treaty of ghent
High Wycombe;	"";	"";	high wycombe
River Cam;	"";	"";	cam
River Lark;	"";	"";	river lark
Meyer Lansky;	"";	"";	meyer lansky
Lark;	"";	"";	lark
River Little Ouse;	"";	"";	river little ouse
River Wissey;	"";	"";	river wissey
François Kevorkian;	"";	"";	françois kevorkian
Colditz Castle;	"";	"";	colditz castle
Jessica Hynes;	"";	"";	jessica hynes
Slovincian language;	"";	"";	slovincian
Los Angeles Fire Department;	"";	"";	los angeles fire department
Emsland;	"";	"";	emsland
McDonnell Douglas DC-10;	"";	"";	dc-10 / md-10
Rijsbergen;	"";	"";	rijsbergen
River Stour, Suffolk;	"";	"";	river stour
Miss Universe;	"";	"";	miss universe
Miss World;	"";	"";	miss world
River Gipping;	"";	"";	river gipping
Self-harm;	"";	"";	self-harm
The Fens;	"";	"";	the fens
Old Bedford River;	"";	"";	old bedford river
Nipple;	"";	"";	nipple
Donovan;	"";	"";	donovan
Zwingle, Iowa;	"";	"";	zwingle, iowa
Ackley, Iowa;	"";	"";	ackley, iowa
Eddyville, Iowa;	"";	"";	}}
Michael Hampton;	"";	"";	michael hampton
Phalarope;	"";	"";	phalarope
Calvin Simon;	"";	"";	calvin simon
Sioux City, Iowa;	"";	"";	sioux city, iowa
Sabetha, Kansas;	"";	"";	sabetha, kansas
Clifton, Kansas;	"";	"";	clifton, kansas
Vining, Kansas;	"";	"";	vining, kansas
Simpson, Kansas;	"";	"";	simpson, kansas
Geuda Springs, Kansas;	"";	"";	geuda springs, kansas
Clayton, Kansas;	"";	"";	clayton, kansas
Herington, Kansas;	"";	"";	herington, kansas
Solomon, Kansas;	"";	"";	solomon, kansas
Fort Riley (CDP), Kansas;	"";	"";	fort riley, kansas
Oakley, Kansas;	"";	"";	oakley, kansas
Sedgwick, Kansas;	"";	"";	sedgwick, kansas
Bonner Springs, Kansas;	"";	"";	bonner springs, kansas
Lake Quivira, Kansas;	"";	"";	lake quivira, kansas
Manhattan, Kansas;	"";	"";	manhattan, kansas
St. Marys, Kansas;	"";	"";	saint marys, kansas
Mulvane, Kansas;	"";	"";	mulvane, kansas
Willard, Kansas;	"";	"";	willard, kansas
Duke Henry of Mecklenburg-Schwerin;	"";	"";	henry of mecklenburg-schwerin
Dawson Springs, Kentucky;	"";	"";	dawson springs, kentucky
Williamstown, Kentucky;	"";	"";	williamstown, kentucky
Corbin, Kentucky;	"";	"";	corbin, kentucky
Liège Province;	"";	"";	{{native name
Basile, Louisiana;	"";	"";	basile, louisiana
Duson, Louisiana;	"";	"";	duson, louisiana
Eunice, Louisiana;	"";	"";	eunice, louisiana
DeRidder, Louisiana;	"";	"";	deridder, louisiana
Shreveport, Louisiana;	"";	"";	shreveport
Junction City, Louisiana;	"";	"";	junction city, louisiana
Delcambre, Louisiana;	"";	"";	delcambre, louisiana
Tullos, Louisiana;	"";	"";	tullos, louisiana
Broussard, Louisiana;	"";	"";	broussard, louisiana
Des Allemands, Louisiana;	"";	"";	des allemands, louisiana
Downsville, Louisiana;	"";	"";	downsville, louisiana
Arnaudville, Louisiana;	"";	"";	arnaudville, louisiana
Treaty of Nystad;	"";	"";	treaty of nystad
Square Lake, Maine;	"";	"";	unorganized territory of square lake (inactive)
Perkins Township, Maine;	"";	"";	swan island historic district
Seboomook Lake, Maine;	"";	"";	seboomook lake
Passamaquoddy Indian Township Reservation;	"";	"";	indian township
Henry Armstrong;	"";	"";	henry armstrong
Passamaquoddy Pleasant Point Reservation;	"";	"";	pleasant point
Jessup, Maryland;	"";	"";	jessup, maryland
Mount Airy, Maryland;	"";	"";	}}
Calverton, Maryland;	"";	"";	calverton, maryland
Devens, Massachusetts;	"";	"";	devens, massachusetts
Midland, Michigan;	"";	"";	midland, michigan
Union City, Michigan;	"";	"";	union city, michigan
Mackinaw City, Michigan;	"";	"";	mackinaw city, michigan
Clare, Michigan;	"";	"";	clare, michigan
East Lansing, Michigan;	"";	"";	east lansing
Ovid, Michigan;	"";	"";	ovid, michigan
Lennon, Michigan;	"";	"";	lennon, michigan
Otter Lake, Michigan;	"";	"";	otter lake, michigan
Traverse City, Michigan;	"";	"";	traverse city, michigan
Cement City, Michigan;	"";	"";	cement city, michigan
Grosse Pointe Shores, Michigan;	"";	"";	grosse pointe shores, michigan
Richmond, Michigan;	"";	"";	richmond, michigan
Milan, Michigan;	"";	"";	milan, michigan
Northville, Michigan;	"";	"";	northville, michigan
Brook Lake, Minnesota;	"";	"";	brook lake, minnesota
Upper Red Lake, Minnesota;	"";	"";	upper red lake
Princess Märtha Louise of Norway;	"";	"";	princess märtha louise
Mette-Marit, Crown Princess of Norway;	"";	"";	mette-marit
Chanhassen, Minnesota;	"";	"";	chanhassen, minnesota
Wahnena, Minnesota;	"";	"";	wahnena, minnesota
Granite Falls, Minnesota;	"";	"";	granite falls
West Cook, Minnesota;	"";	"";	west cook, minnesota
Beenie Man;	"";	"";	beenie man
Lake City, Minnesota;	"";	"";	lake city
Fort Snelling;	"";	"";	fort snelling
La Crescent, Minnesota;	"";	"";	la crescent
Bowstring Lake, Minnesota;	"";	"";	bowstring lake, minnesota
Melody (Spanish singer);	"";	"";	melody
Glossary of chess;	"";	"";	directory
White Bear Lake, Minnesota;	"";	"";	""
Bear Head Lake, Minnesota;	"";	"";	bear head lake, minnesota
Birch Lake, Minnesota;	"";	"";	birch lake, minnesota
Whiteface Reservoir, Minnesota;	"";	"";	whiteface reservoir
Bogue Chitto, Mississippi;	"";	"";	bogue chitto, mississippi
Baldwyn, Mississippi;	"";	"";	baldwyn, mississippi
Olaf II of Norway;	"";	"";	olaf ii haraldsson
Union, Mississippi;	"";	"";	union, mississippi
NBC Symphony Orchestra;	"";	"";	nbc symphony orchestra
Greentop, Missouri;	"";	"";	greentop, missouri
Centralia, Missouri;	"";	"";	centralia, missouri
Vandalia, Missouri;	"";	"";	vandalia, missouri
Dearborn, Missouri;	"";	"";	dearborn, missouri
Lake Ozark, Missouri;	"";	"";	lake ozark, missouri
Osage Beach, Missouri;	"";	"";	osage beach, missouri
Cape Girardeau, Missouri;	"";	"";	cape girardeau, missouri
Lee's Summit, Missouri;	"";	"";	lee's summit, missouri
Marceline, Missouri;	"";	"";	marceline, missouri
Springfield, Missouri;	"";	"";	springfield, missouri
Independence, Missouri;	"";	"";	independence, missouri
Sullivan, Missouri;	"";	"";	sullivan, missouri
Richmond Park;	"";	"";	richmond park
Pacific, Missouri;	"";	"";	pacific, missouri
Bland, Missouri;	"";	"";	bland, missouri
Joplin, Missouri;	"";	"";	joplin, missouri
Browning, Missouri;	"";	"";	browning, missouri
Argyle, Missouri;	"";	"";	argyle, missouri
Belle, Missouri;	"";	"";	belle, missouri
Hannibal, Missouri;	"";	"";	hannibal, missouri
Monroe City, Missouri;	"";	"";	}}
Branson, Missouri;	"";	"";	branson, missouri
Charles Jean Marie Barbaroux;	"";	"";	charles jean marie barbaroux
Emerson, Nebraska;	"";	"";	emerson, nebraska
Haakon IV;	"";	"";	haakon iv
Corrales, New Mexico;	"";	"";	corrales, new mexico
Mosquero, New Mexico;	"";	"";	mosquero, new mexico
Española, New Mexico;	"";	"";	española
Birger Jarl;	"";	"";	birger jarl
Allegany Indian Reservation;	"";	"";	""
Gowanda, New York;	"";	"";	gowanda
Saranac Lake, New York;	"";	"";	saranac lake, new york
Dolgeville, New York;	"";	"";	dolgeville, new york
Lake Luzerne-Hadley, New York;	"";	"";	lake luzerne-hadley
Knaanic language;	"";	"";	knaanic
Hickory, North Carolina;	"";	"";	hickory, north carolina
Maiden, North Carolina;	"";	"";	}}
Cary, North Carolina;	"";	"";	cary
Kings Mountain, North Carolina;	"";	"";	""
High Point, North Carolina;	"";	"";	high point
Durham, North Carolina;	"";	"";	durham
Rusyn language;	"";	"";	rusyn
Christian II of Denmark;	"";	"";	christian ii
Highlands, North Carolina;	"";	"";	martin-lipscomb performing arts center
Weddington, North Carolina;	"";	"";	}}
Angus Calder;	"";	"";	angus calder
Enderlin, North Dakota;	"";	"";	enderlin, north dakota
New Bedford River;	"";	"";	new bedford river
Christian III of Denmark;	"";	"";	christian iii
College Corner, Ohio;	"";	"";	college corner, ohio
Middletown, Ohio;	"";	"";	middletown, ohio
Christian IV of Denmark;	"";	"";	christian iv
Monroe, Ohio;	"";	"";	monroe, ohio
Minerva, Ohio;	"";	"";	minerva, ohio
Loveland, Ohio;	"";	no}};	loveland, ohio
Christian V of Denmark;	"";	"";	christian v
Columbiana, Ohio;	"";	"";	columbiana, ohio
Christian VII of Denmark;	"";	"";	christian vii
Washingtonville, Ohio;	"";	"";	washingtonville, ohio
Christian VIII of Denmark;	"";	"";	christian viii
Dublin, Ohio;	"";	"";	dublin, ohio
Westerville, Ohio;	"";	"";	westerville, ohio
Frederick III of Sicily;	"";	"";	frederick ii
Reynoldsburg, Ohio;	"";	"";	reynoldsburg, ohio
Kettering, Ohio;	"";	"";	kettering, ohio
Wright-Patterson Air Force Base;	"";	"";	wright-patterson air force base
Fostoria, Ohio;	"";	"";	fostoria, ohio
Frederick III of Denmark;	"";	"";	frederick iii
Frederick VIII of Denmark;	"";	"";	frederick viii
Adena, Ohio;	"";	"";	adena, ohio
Alliance, Ohio;	"";	"";	alliance, ohio
Youngstown, Ohio;	"";	"";	youngstown, ohio
Springboro, Ohio;	"";	"";	springboro, ohio
Fort Gibson, Oklahoma;	"";	"";	fort gibson, oklahoma
Purcell, Oklahoma;	"";	"";	purcell, oklahoma
Drumright, Oklahoma;	"";	"";	drumright, oklahoma
Mannford, Oklahoma;	"";	"";	mannford, oklahoma
Ponca City, Oklahoma;	"";	"";	ponca city, oklahoma
Bartlesville, Oklahoma;	"";	"";	bartlesville, oklahoma
Sand Springs, Oklahoma;	"";	"";	sand springs, oklahoma
Tulsa, Oklahoma;	"";	"";	tulsa
Quay, Oklahoma;	"";	"";	quay, oklahoma
Catoosa, Oklahoma;	"";	"";	catoosa, oklahoma
Collinsville, Oklahoma;	"";	"";	""
Bixby, Oklahoma;	"";	"";	bixby, oklahoma
Greenhorn, Oregon;	"";	"";	greenhorn
Albany, Oregon;	"";	"";	albany, oregon
Milwaukie, Oregon;	"";	"";	milwaukie
Wilsonville, Oregon;	"";	"";	wilsonville
Gates, Oregon;	"";	"";	""
Charles Hatchett;	"";	"";	charles hatchett
Idanha, Oregon;	"";	"";	new idanha
Ellwood City, Pennsylvania;	"";	"";	ellwood city, pennsylvania
Adamstown, Pennsylvania;	"";	"";	adamstown, pennsylvania
Catherine Zeta-Jones;	"";	no;	catherine zeta-jones
Telford, Pennsylvania;	"";	"";	telford, pennsylvania
Ouse Washes;	"";	"";	ouse washes
Ashland, Pennsylvania;	"";	"";	""
Ardmore, Pennsylvania;	"";	"";	ardmore, pennsylvania
Lynnwood-Pricedale, Pennsylvania;	"";	"";	lynnwood-pricedale, pennsylvania
Seven Springs, Pennsylvania;	"";	"";	seven springs, pennsylvania
Clemson, South Carolina;	"";	"";	clemson
Philip of Swabia;	"";	"";	philip
Goose Creek, South Carolina;	"";	"";	goose creek
Summerville, South Carolina;	"";	"";	summerville
North Charleston, South Carolina;	"";	"";	north charleston
Sutton Bridge;	"";	"";	former site of pow camp no. 254 working camp, sutton bridge.}}) and its buildings remained visible until the late 1970s–80s.
William II of Holland;	"";	"";	william
Blythewood, South Carolina;	"";	"";	blythewood, south carolina
Greer, South Carolina;	"";	"";	greer
Irmo, South Carolina;	"";	"";	""
Adolf, King of the Romans;	"";	"";	adolf of nassau
Wessington, South Dakota;	"";	"";	wessington post office}}</ref> the city took its name from the nearby wessington hills.<ref>{{cite book
Box Elder, South Dakota;	"";	"";	box elder
Ellsworth Air Force Base;	"";	"";	ellsworth air force base
Rocky Top, Tennessee;	"";	"";	rocky top
Oak Ridge, Tennessee;	"";	"";	oak ridge, tennessee
Oliver Springs, Tennessee;	"";	"";	oliver springs, tennessee
Johnson City, Tennessee;	"";	"";	johnson city
Tullahoma, Tennessee;	"";	"";	tullahoma, tennessee
Goodlettsville, Tennessee;	"";	"";	goodlettsville
Ferdinand I, Holy Roman Emperor;	"";	"";	ferdinand i
Ridgetop, Tennessee;	"";	"";	ridgetop
Scotts Hill, Tennessee;	"";	"";	}}
Ferdinand I of León;	"";	"";	ferdinand i
Ardmore, Tennessee;	"";	"";	}}
Matthias, Holy Roman Emperor;	"";	"";	matthias
Fall Branch, Tennessee;	"";	"";	fall branch
Morristown, Tennessee;	"";	"";	morristown
Ferdinand II, Holy Roman Emperor;	"";	"";	ferdinand ii
White Pine, Tennessee;	"";	"";	white pine
Ferdinand III, Holy Roman Emperor;	"";	"";	ferdinand iii
Kingsport, Tennessee;	"";	"";	kingsport
Farragut, Tennessee;	"";	"";	farragut
Spring Hill, Tennessee;	"";	"";	spring hill, tennessee
Charles VI, Holy Roman Emperor;	"";	"";	charles vi
Harriman, Tennessee;	"";	"";	harriman, tennessee
White House, Tennessee;	"";	"";	white house, tennessee
Aransas Pass, Texas;	"";	"";	aransas pass}}
Bartlett, Texas;	"";	"";	bartlett}}
William I, German Emperor;	"";	"";	wilhelm i
Fort Cavazos;	"";	"";	fort cavazos (formerly: fort hood)
Cibolo, Texas;	"";	"";	""
Frederick III, German Emperor;	"";	"";	frederick iii
Pearland, Texas;	"";	"";	pearland, texas
Horseshoe Bay, Texas;	"";	"";	horseshoe bay, texas}}
San Marcos, Texas;	"";	"";	san marcos, texas
Hughes Springs, Texas;	"";	"";	""
Seabrook, Texas;	"";	"";	seabrook, texas}}
Shoreacres, Texas;	"";	"";	shoreacres, texas}}
Texas City, Texas;	"";	"";	texas city, texas
Troup, Texas;	"";	"";	""
Carrollton, Texas;	"";	"";	carrollton, texas
Frisco, Texas;	"";	"";	frisco, texas
Garland, Texas;	"";	"";	garland
Plano, Texas;	"";	"";	plano
Richardson, Texas;	"";	"";	richardson, texas
Frederick Delius;	"";	"";	solano grove}} between [[picolata, florida
Wylie, Texas;	"";	"";	""
New Braunfels, Texas;	"";	"";	new braunfels, texas
Dalhart, Texas;	"";	"";	dalhart, texas
Coppell, Texas;	"";	"";	""
Reed Richards;	"";	human mutate;	""
Grand Prairie, Texas;	"";	"";	grand prairie, texas
Grapevine, Texas;	"";	"";	}}
Mesquite, Texas;	"";	"";	mesquite, texas
Rowlett, Texas;	"";	"";	rowlett, texas
Seagoville, Texas;	"";	"";	seagoville, texas}}</ref>
O'Donnell, Texas;	"";	"";	o'donnell, texas
Pecan Gap, Texas;	"";	"";	""
Flower Mound, Texas;	"";	"";	""
Southlake, Texas;	"";	"";	southlake, texas
Westlake, Texas;	"";	"";	""
Yoakum, Texas;	"";	"";	}}
Odessa, Texas;	"";	"";	odessa, texas
Mansfield, Texas;	"";	"";	mansfield, texas
Bruceville-Eddy, Texas;	"";	"";	bruceville-eddy, texas}}
Katy, Texas;	"";	"";	""
Turpentine;	"";	"";	turpentine}}</ref>
Mission Bend, Texas;	"";	"";	"mission bend, texas}}</ref> the population was 36,914 at the 2020 census.<ref name=\"census 2010\">{{cite web"
Missouri City, Texas;	"";	"";	missouri city, texas}}
Stafford, Texas;	"";	"";	stafford, texas}}</ref>
Denver City, Texas;	"";	"";	denver city
Friendswood, Texas;	"";	"";	friendswood, texas}}
League City, Texas;	"";	"";	league city, texas
Clarksville City, Texas;	"";	"";	""
Acute radiation syndrome;	"";	"";	acute radiation syndrome
Gladewater, Texas;	"";	"";	""
Kilgore, Texas;	"";	"";	}}
Longview, Texas;	"";	"";	longview
Warren City, Texas;	"";	"";	""
Abernathy, Texas;	"";	"";	abernathy, texas
Tomball, Texas;	"";	"";	tomball, texas}}
Fruela I of Asturias;	"";	"";	fruela i
Stamford, Texas;	"";	"";	stamford, texas
Mabank, Texas;	"";	"";	mabank, tx}}
Seven Points, Texas;	"";	"";	seven points, texas}}
Hu Jintao;	"";	"";	hu jintao
Port Arthur, Texas;	"";	"";	port arthur
Abilene, Texas;	"";	"";	abilene
Lueders, Texas;	"";	"";	"\"cenpopgazetteer2021\""
Corpus Christi, Texas;	"";	"";	corpus christi
Midland, Texas;	"";	"";	midland, texas
Thorndale, Texas;	"";	"";	thorndale}}
Mineral Wells, Texas;	"";	"";	mineral wells, texas
Amarillo, Texas;	"";	"";	amarillo, texas
Anderson Mill, Austin, Texas;	"";	"";	anderson mill}}
Cedar Park, Texas;	"";	"";	cedar park}}</ref>
Jollyville, Texas;	"";	"";	jollyville}}
Leander, Texas;	"";	"";	leander}}
Pflugerville, Texas;	"";	"";	pflugerville}}
Round Rock, Texas;	"";	"";	round rock, texas
Monahans, Texas;	"";	"";	""
Draper, Utah;	"";	"";	}}
Alfonso IX of León;	"";	"";	alfonso ix
Park City, Utah;	"";	"";	park city
Ramsey Abbey;	"";	"";	ramsey abbey
Alfonso VIII of Castile;	"";	"";	alfonso viii
Farmville, Virginia;	"";	"";	the prince edward coal mining company
Occoquan, Virginia;	"";	"";	occoquan, virginia
Clarksville, Virginia;	"";	"";	clarksville, virginia
Gordonsville, Virginia;	"";	"";	""
King's College, Cambridge;	"";	"";	king's college
Saltville, Virginia;	"";	"";	saltville
Coulee Dam, Washington;	"";	"";	coulee dam
Auburn, Washington;	"";	"";	auburn
Bothell, Washington;	"";	"";	bothell}}</ref>
Joanna of Castile;	"";	"";	joanna
Enumclaw, Washington;	"";	"";	enumclaw
Milton, Washington;	"";	"";	milton}}</ref>
Pacific, Washington;	"";	"";	pacific}}</ref>
Weirton, West Virginia;	"";	"";	weirton, west virginia
Alderson, West Virginia;	"";	"";	alderson, west virginia
Philip I of Castile;	"";	"";	philip the handsome
Nitro, West Virginia;	"";	"";	nitro, west virginia
Wheeling, West Virginia;	"";	"";	wheeling, west virginia
Eau Claire, Wisconsin;	"";	"";	}}'''eau claire''' ({{ipac-en
Abbotsford, Wisconsin;	"";	"";	abbotsford, wisconsin
Bayside, Wisconsin;	"";	"";	}}
Ted Lewis;	"";	"";	lewis, ted}}
Jules Barbey d'Aurevilly;	"";	"";	barbey d'aurevilly
Jean Barbeyrac;	"";	"";	jean barbeyrac
Tate Liverpool;	"";	"";	tate liverpool
Ted Lewis (musician);	"";	"";	ted lewis
Balak;	"";	"";	balak
Guercino;	"";	"";	guercino
Mary of Burgundy;	"";	"";	mary
Rudy Vallée;	"";	"";	rudy vallée
The Best... Album in the World...Ever!;	"";	"";	the best... album in the world...ever!
John I of Aragon;	"";	"";	john i
Tel Lachish;	"";	"";	lachish
John II of Aragon;	"";	"";	john ii
Angelica Kauffman;	"";	"";	angelica kauffman
Peter of Castile;	"";	"";	peter
Eusebio Pedroza;	"";	"";	eusebio pedroza
The 13th Floor Elevators;	"";	"";	13th floor elevators
? and the Mysterians;	"";	"";	? and the mysterians
Pontiac Vibe;	"";	"";	pontiac vibe
Agustín de Iturbide;	"";	"";	agustín i
Hugh Laurie;	"";	"";	hugh laurie
Tscherim Soobzokov;	"";	"";	tscherim soobzokov
Howard Staunton;	"";	no;	howard staunton
Paul Merton;	"";	"";	paul merton
Heaven 17;	"";	"";	heaven 17
David Gower;	"";	"";	david gower
The Human League;	"";	"";	the human league
Charlie Drake;	"";	"";	charlie drake
Benny Hill;	"";	"";	benny hill
Richard Wilson (Scottish actor);	"";	"";	richard wilson
IG Farben;	"";	"";	i. g. farbenindustrie ag
Eastern philosophy;	"";	"";	"\"definition\""
Monster Magnet;	"";	"";	monster magnet
National Soccer Hall of Fame;	"";	"";	national soccer hall of fame
Cato Institute;	"";	"";	cato institute
Paul-Émile Lecoq de Boisbaudran;	"";	"";	paul-émile lecoq de boisbaudran
Rongorongo;	"";	no;	rongorongo
Benjamin Henry Latrobe;	"";	"";	benjamin henry latrobe
Prince Henrik of Denmark;	"";	"";	henrik
Jurassic 5;	"";	"";	jurassic 5
Pieter van Vollenhoven;	"";	"";	pieter van vollenhoven
Busta Rhymes;	"";	"";	busta rhymes
United States v. The Amistad;	"";	"";	united states v. the amistad
Frederick IX of Denmark;	"";	"";	frederick ix
Terry Waite;	"";	"";	terry waite
Princess Benedikte of Denmark;	"";	"";	princess benedikte
Austin Powers in Goldmember;	"";	"";	austin powers in goldmember: music from the motion picture
Austin Powers: International Man of Mystery;	"";	"";	austin powers: international man of mystery
Frederick M. Smith;	"";	"";	frederick m. smith
Sisqó;	"";	"";	sisqó
Edward Coke;	"";	"";	sir edward coke
Pyrochlore;	"";	"";	pyrochlore
Columbite;	"";	"";	columbite
Ulexite;	"";	"";	ulexite
Michael Dell;	"";	"";	michael dell
Guiana Shield;	"";	"";	guiana shield
Cheeseburger;	"";	"";	cheeseburger
The Marshall Mathers LP;	"";	"";	the marshall mathers lp
Jelly Belly;	"";	"";	jelly belly
Candy corn;	"";	"";	candy corn
Cantinflas;	"";	"";	cantinflas
Josep Tarradellas Barcelona–El Prat Airport;	"";	"";	josep tarradellas barcelona–el prat airport
Febrile seizure;	"";	"";	febrile seizure
Bernard Bresslaw;	"";	"";	bernard bresslaw
Wuchang District;	"";	"";	wuchang
Norman Wisdom;	"";	"";	norman wisdom
Bernard Cribbins;	"";	"";	bernard cribbins
Donovan's Reef;	"";	"";	donovan's reef
Ken Dodd;	"";	"";	ken dodd
Des O'Connor;	"";	"";	des o'connor
Rory Bremner;	"";	"";	rory bremner
Bob Monkhouse;	"";	"";	bob monkhouse
John Bird (actor);	"";	"";	john bird
Charles Waterton;	"";	"";	charles waterton}}
John Fortune;	"";	"";	john fortune
Mark Thomas;	"";	"";	mark thomas
Bretton Hall, West Yorkshire;	"";	"";	bretton hall
Wetherby;	"";	"";	wetherby town council
Bill Bailey;	"";	no;	bill bailey
Nick Hancock;	"";	"";	nick hancock
Rory McGrath;	"";	"";	rory mcgrath
John Smeaton;	"";	"";	john smeaton
Jonathan Ross;	"";	"";	jonathan ross
Eddystone Lighthouse;	"";	"";	eddystone lighthouse
Video Toaster;	"";	"";	video toaster
River Wharfe;	"";	"";	river wharfe
NewTek;	"";	"";	newtek, inc.
River Ouse, Yorkshire;	"";	"";	river ouse
Dean Martin;	"";	"";	dean martin
Mark Waugh;	"";	"";	mark waugh
Ian Chappell;	"";	"";	ian chappell
Lenny Henry;	"";	"";	lenny henry
John Junkin;	"";	"";	john junkin
River Avon, Devon;	"";	"";	avon
River Avon, Warwickshire;	"";	"";	river avon
River Avon, Hampshire;	"";	"";	river avon
River Avon, Bristol;	"";	"";	river avon
Kennet and Avon Canal;	"";	"";	kennet and avon canal
Stratford-upon-Avon Canal;	"";	"";	stratford-upon-avon canal
Trent's Last Case;	"";	"";	trent's last case
Walt Disney Studios (Burbank);	"";	"";	walt disney studios
Aire and Calder Navigation;	"";	"";	aire and calder navigation
Wilts & Berks Canal;	"";	"";	wilts & berks canal
Fomalhaut;	"";	"";	fomalhaut
Coney Island;	"";	"";	coney island
Communities, regions, and language areas of Belgium;	"";	"";	german-<br /><small>speaking com.</small>}}
I, Libertine;	"";	"";	i, libertine
John Shelby Spong;	"";	"";	john shelby spong
Birmingham and Fazeley Canal;	"";	"";	birmingham and fazeley canal
Glasgow, Paisley and Johnstone Canal;	"";	"";	glasgow, paisley and johnstone canal
Tar (computing);	"";	"";	tar
Thames and Severn Canal;	"";	"";	thames and severn canal
Trent and Mersey Canal;	"";	"";	trent and mersey canal
Staffordshire and Worcestershire Canal;	"";	"";	staffordshire and worcestershire canal
General Certificate of Secondary Education;	"";	"";	general certificate of secondary education
Rebec;	"";	"";	rebec
Romano-Serbian language;	"";	"";	romano-serbian
Nicholas Barbon;	"";	"";	nicholas barbon
Carlos De León;	"";	"";	carlos de león
Ziggy Marley;	"";	"";	ziggy marley
The Rascals;	"";	"";	the rascals
The Cult;	"";	"";	the cult
John Barbour (poet);	"";	"";	john barbour
Alexander Barclay;	"";	"";	alexander barclay
Blanche of Castile;	"";	"";	blanche of castile
Kevin Johnson (basketball);	"";	"";	kevin johnson
Robert I, Latin Emperor;	"";	"";	robert i
Henry of Flanders;	"";	"";	henry of flanders
Heavenly (British band);	"";	"";	heavenly
Peter II of Courtenay;	"";	"";	peter
Kyrenia;	"";	"";	kyrenia
José Celso Barbosa;	"";	"";	josé celso barbosa
Nazz;	"";	"";	nazz
U-God;	"";	"";	u-god
Veruca Salt;	"";	"";	veruca salt
Alfred Charles Auguste Foucher;	"";	no;	""
Bandidos Motorcycle Club;	"";	"";	bandidos mc
T-Mobile International AG;	"";	"";	t-mobile
List of mobile network operators;	"";	"";	dr congo}} (airtel)
'—And He Built a Crooked House—';	"";	"";	'—and he built a crooked house—'
Play (play);	"";	"";	play
Pedro Morales;	"";	"";	pedro morales
Film (film);	"";	"";	film
Queen Anne-Marie of Greece;	"";	"";	anna-maria
Tejano music;	"";	"";	tejano music
Hawaiian Airlines;	"";	"";	hawaiian holdings, inc.
Badfinger;	"";	"";	badfinger
Ben Harper;	"";	no}};	ben harper
Billy the Kid;	"";	"";	billy the kid
Shane Mosley;	"";	"";	shane mosley
Jefferson Starship;	"";	"";	jefferson starship
Herefordshire and Gloucestershire Canal;	"";	"";	herefordshire and gloucestershire canal
Chelmer and Blackwater Navigation;	"";	"";	chelmer and blackwater navigation
Dorset and Somerset Canal;	"";	"";	dorset and somerset canal
Manchester Bolton & Bury Canal;	"";	"";	manchester bolton & bury canal
Sheffield and South Yorkshire Navigation;	"";	"";	sheffield and south yorkshire navigation
Stanley Matthews;	"";	"";	{{br entries
Liskeard and Looe Union Canal;	"";	"";	liskeard and looe union canal
Bridgwater and Taunton Canal;	"";	"";	bridgwater and taunton canal
Wyrley and Essington Canal;	"";	"";	wyrley and essington canal
Alia Shawkat;	"";	"";	alia shawkat
Emmy Awards;	"";	"";	emmy award
Apollo Lunar Module;	"";	"";	apollo lunar module
Shotgun Angel;	"";	"";	shotgun angel
Vaccinium vitis-idaea;	vaccinium;	vitis-idaea;	lingonberry
Ted Ray (comedian);	"";	"";	ted ray
Vincent Price;	"";	"";	vincent price
Leif Zeilon;	"";	"";	leif ericsson
The Nordic Realm Party;	"";	"";	nordic realm party
Bill Pertwee;	"";	"";	bill pertwee
W. D. Hamilton;	"";	"";	w. d. hamilton
University of Agricultural Sciences, Bangalore;	"";	"";	university of agricultural sciences
